"1","yābhas","yābha","Masculine","2","挿入、入力","enter, insert"
"2","yabhanam","yabana","Neuter","2","挿入、入力","enter, insert"
"3","arājakatāvādas","arājakatāvāda","Masculine","2","真の自由主義","anarchism"
"4","arājakatāvādī","arājakatāvādin","Masculine","3n","真の自由主義者","anarchist"
"5","sabhā","sabhā","Feminine","1","社会","society"
"6","samājas","samāja","Masculine","2","社会","society"
"7","saṅghas","saṅgha","Masculine","2","組織、手段、集まり、団体","organization, republic, union"
"8","gaṇas","gaṇa","Masculine","2","組織、手段、集まり、団体","organization, republic, union"
"9","samveth","samveth","Feminine","3s","評議会、合議制の議会、直接民主制の議会","concil, committee, direct democracy parliament "
"10","prajātantram","prajātantra","Neuter","2","民主主義","democracy"
"11","lokatantram","lokatantra","Neuter","2","民主主義","democracy"
"12","akanyā","akanyā","Feminine","1","あかんや","Akanya"
"13","akṣatā","akṣatā","Feminine","1","アクシャタ","Akshata"
"14","akṣuṇṇatā","akṣuṇṇatā","Feminine","1","威厳","Integrity"
"15","aghnyā","aghnyā","Feminine","1","Aghnya","Aghnya"
"16","añjanā","añjanā","Feminine","1","アンジャナ","Anjana"
"17","aṭṭālikā","aṭṭālikā","Feminine","1","屋根裏","Attic"
"18","abhijñā","abhijñā","Feminine","1","認識","Recognition"
"19","amitra","amitra","Feminine","1","アミトラ","Amitra"
"20","ambā","ambā","Feminine","1","アンバ","AMBA"
"21","arcā","arcā","Feminine","1","アルカ","Archa"
"22","alābukā","alābukā","Feminine","1","アラブカ","Alabuka"
"23","avidyā","avidyā","Feminine","1","無知","Ignorance"
"24","aśvā","aśvā","Feminine","1","馬","Horses"
"25","aṣṭrā","aṣṭrā","Feminine","1","アストラ","Astra"
"26","aspṛśyatā","aspṛśyatā","Feminine","1","アンタッチャビリティ","Untouchability"
"27","āgā","āgā","Feminine","1","前方","Forward"
"28","āṅglabhāṣā","āṅglabhāṣā","Feminine","1","英語","English language"
"29","ātā","ātā","Feminine","1","今","Now"
"30","ārā","ārā","Feminine","1","見た","Saw"
"31","āvaśyakatā","āvaśyakatā","Feminine","1","必要","need"
"32","āśā","āśā","Feminine","1","望み、願い、祈願、予測、希望","wish, desire, hope, expectation, prospect"
"33","icchā","icchā","Feminine","1","望み、欲望、願い、祈願、希望","wish, desire, inclination"
"34","iṣṭakā","iṣṭakā","Feminine","1","レンガ","Brick"
"35","iṣṭikā","iṣṭikā","Feminine","1","レンガ","brick"
"36","īrṣā","īrṣā","Feminine","1","嫉妬","Jealousy"
"37","īrṣyā","īrṣyā","Feminine","1","嫉妬","Jealousy"
"38","īṣā","īṣā","Feminine","1","イシャ","Isha"
"39","ukta","ukta","Feminine","1","言った","said"
"40","utpīṭhikā","utpīṭhikā","Feminine","1","ベンチ","The bench"
"41","udanyā","udanyā","Feminine","1","ウダーニャ","Udanya"
"42","udāvartā","udāvartā","Feminine","1","ウダヴァルタ","Udavarta"
"43","upādhyāyā","upādhyāyā","Feminine","1","Upadhyaya","Upadhyaya"
"44","urvarā","urvarā","Feminine","1","肥沃な","Fertile"
"45","uṣṇatā","uṣṇatā","Feminine","1","熱","heat"
"46","ūrṇā","ūrṇā","Feminine","1","ウール","wool"
"47","erakā","erakā","Feminine","1","エルカ","Erca"
"48","kakṣā","kakṣā","Feminine","1","クラスルーム","Classroom"
"49","kaṭhinatā","kaṭhinatā","Feminine","1","困難","Difficulty"
"50","kanīnikā","kanīnikā","Feminine","1","カニニカ","Kaninika"
"51","kandarā","kandarā","Feminine","1","カンドラ","Kandra"
"52","kanyā","kanyā","Feminine","1","花嫁","bride"
"53","karikaṇā","karikaṇā","Feminine","1","カリカナ","Karikana"
"54","karikṛṣṇā","karikṛṣṇā","Feminine","1","カリクリシュナ","Karikrishna"
"55","karimuktā","karimuktā","Feminine","1","カリムクタ","Karimukta"
"56","karuṇā","karuṇā","Feminine","1","思いやり","compassion"
"57","karkaṭikā","karkaṭikā","Feminine","1","癌","Cancer"
"58","kalā","kalā","Feminine","1","美術","art"
"59","kalikā","kalikā","Feminine","1","つぼみ","Bud"
"60","kaṣerukā","kaṣerukā","Feminine","1","カシェルカ","Kasheruka"
"61","kāmalatā","kāmalatā","Feminine","1","カムラタ","Kamlata"
"62","kārā","kārā","Feminine","1","ケージ","cage"
"63","kālā","kālā","Feminine","1","黒","Black"
"64","kālikā","kālikā","Feminine","1","カリカ","Kalika"
"65","kulatthikā","kulatthikā","Feminine","1","Kulatthika","Kulatthika"
"66","kṛpā","kṛpā","Feminine","1","好意","favour"
"67","kṛṣṇā","kṛṣṇā","Feminine","1","クリシュナ","Krishna"
"68","kriyā","kriyā","Feminine","1","アクション","Action"
"69","krīḍā","krīḍā","Feminine","1","ゲーム","game"
"70","krīḍikā","krīḍikā","Feminine","1","プレイヤー","The player"
"71","kṣamā","kṣamā","Feminine","1","ごめん","Sorry"
"72","kṣudhā","kṣudhā","Feminine","1","飢え","Hunger"
"73","khelanā","khelanā","Feminine","1","遊ぶ","Playing"
"74","khelā","khelā","Feminine","1","遊んだ","played"
"75","gaṃgā","gaṃgā","Feminine","1","ガンガ","Ganga"
"76","gaṅgā","gaṅgā","Feminine","1","ガンガ","Ganga"
"77","gāthā","gāthā","Feminine","1","大作","epic"
"78","guhā","guhā","Feminine","1","洞窟","cave"
"79","godhā","godhā","Feminine","1","ゴダ","Godha"
"80","gopā","gopā","Feminine","1","ゴパ","Gopa"
"81","gnā","gnā","Feminine","1","GNA","GNA"
"82","gmā","gmā","Feminine","1","Gma","Gma"
"83","grāmacaryā","grāmacaryā","Feminine","1","グラムチャリヤ","Gramcharya"
"84","grīvā","grīvā","Feminine","1","首","neck"
"85","ghaṭanā","ghaṭanā","Feminine","1","イベント","event"
"86","ghṛṇā","ghṛṇā","Feminine","1","嫌い","hate"
"87","cikitsikā","cikitsikā","Feminine","1","セラピスト","Therapist"
"88","cikkaṇa","cikkaṇa","Feminine","1","スムーズ","Smooth"
"89","ciñcā","ciñcā","Feminine","1","チンチャ","Chincha"
"90","cintā","cintā","Feminine","1","不安","Anxiety"
"91","cumbā","cumbā","Feminine","1","キス","Kiss"
"92","cetanā","cetanā","Feminine","1","意識","consciousness"
"93","chātrā","chātrā","Feminine","1","学生","Student"
"94","chāyā","chāyā","Feminine","1","影の多い","shadow"
"95","jaṅghā","jaṅghā","Feminine","1","太もも","thighs"
"96","janatā","janatā","Feminine","1","人々","The people"
"97","jarā","jarā","Feminine","1","ザラ","Zara"
"98","javā","javā","Feminine","1","Java","Java"
"99","jahakā","jahakā","Feminine","1","どこ","Where"
"100","jā","jā","Feminine","1","行け","Go"
"101","jāyā","jāyā","Feminine","1","ジャヤ","Jaya"
"102","jighāṃsā","jighāṃsā","Feminine","1","ジガンサ","Jighansa"
"103","jihvā","jihvā","Feminine","1","舌、言葉、言語","tougue, langauge"
"104","jyā","jyā","Feminine","1","じゃ","Jya"
"105","jyotsnā","jyotsnā","Feminine","1","ジョツナ","Jyotsna"
"106","ṭaṅkā","ṭaṅkā","Feminine","1","足","leg"
"107","takva","takva","Feminine","1","Takv","Takv"
"108","tamisrā","tamisrā","Feminine","1","タミスラ","Tamisra"
"109","taviṣyā","taviṣyā","Feminine","1","タビシャ","Tavishya"
"110","tārā","tārā","Feminine","1","タラ","Tara"
"111","tṛṣṇā","tṛṣṇā","Feminine","1","渇望","craving"
"112","dakṣiṇā","dakṣiṇā","Feminine","1","施し","Alms"
"113","dayā","dayā","Feminine","1","慈悲","mercy"
"114","dā","dā","Feminine","1","の","of the"
"115","dāḍhikā","dāḍhikā","Feminine","1","ひげ","Beard"
"116","didhakṣā","didhakṣā","Feminine","1","ディダクシャ","Didhaksha"
"117","diśā","diśā","Feminine","1","方向","Direction"
"118","dūratā","dūratā","Feminine","1","距離","Distance"
"119","dūrabhāṣasaṅkhyā","dūrabhāṣasaṅkhyā","Feminine","1","電話番号","Telephone number"
"120","dūrvā","dūrvā","Feminine","1","芝生","lawn"
"121","devatā","devatā","Feminine","1","神々","The gods"
"122","devabhāṣā","devabhāṣā","Feminine","1","神の言葉","God's language"
"123","doṣā","doṣā","Feminine","1","欠点","The fault"
"124","drākṣā","drākṣā","Feminine","1","ブドウ","grapes"
"125","dvicakrikā","dvicakrikā","Feminine","1","サイクル","cycle"
"126","dvitīyā","dvitīyā","Feminine","1","二番目","The second"
"127","dharmatā","dharmatā","Feminine","1","宗教性","Religiosity"
"128","dhānā","dhānā","Feminine","1","ダナ","Dhana"
"129","dhāraṇā","dhāraṇā","Feminine","1","検出","sense"
"130","dhārā","dhārā","Feminine","1","縁","edge"
"131","dhītā","dhītā","Feminine","1","ディータ","Dheeta"
"132","dhurā","dhurā","Feminine","1","軸","Axis"
"133","nanā","nanā","Feminine","1","ナナ","Nana"
"134","nāvā","nāvā","Feminine","1","ナバ","Nava"
"135","nāsā","nāsā","Feminine","1","NASA","NASA"
"136","nāsikā","nāsikā","Feminine","1","鼻","nose"
"137","nidrā","nidrā","Feminine","1","寝る","Sleep"
"138","nindā","nindā","Feminine","1","非難","condemnation"
"139","niṣṭhā","niṣṭhā","Feminine","1","忠誠心","Loyalty"
"140","naukā","naukā","Feminine","1","輸送する","ship"
"141","paṭṭikā","paṭṭikā","Feminine","1","プラーク","Plaque"
"142","paṇḍā","paṇḍā","Feminine","1","パンダ","Panda"
"143","patrikā","patrikā","Feminine","1","雑誌","magazine"
"144","pādakandukakrīḍā","pādakandukakrīḍā","Feminine","1","フットボールゲーム","Football games"
"145","pāpā","pāpā","Feminine","1","お父さん","Dad"
"146","pālikā","pālikā","Feminine","1","自治体","Municipality"
"147","picchorā","picchorā","Feminine","1","ピチチョラ","Pichchora"
"148","pipāsā","pipāsā","Feminine","1","渇き","Thirst"
"149","pipīlikā","pipīlikā","Feminine","1","蟻","Ant"
"150","pīḍā","pīḍā","Feminine","1","痛み","pain"
"151","pūjā","pūjā","Feminine","1","崇拝","Worship"
"152","pūrṇimā","pūrṇimā","Feminine","1","満月","Full Moon"
"153","pṛcchā","pṛcchā","Feminine","1","問い合わせ","inquiry"
"154","pṛtanā","pṛtanā","Feminine","1","プルタナ","Prutana"
"155","pṛtanyā","pṛtanyā","Feminine","1","Prutnya","Prutnya"
"156","paulikā","paulikā","Feminine","1","パウリカ","Paulika"
"157","prajñā","prajñā","Feminine","1","知恵","wisdom"
"158","pratijñā","pratijñā","Feminine","1","誓約","pledge"
"159","pratimā","pratimā","Feminine","1","銅像","statue"
"160","pratiśākhā","pratiśākhā","Feminine","1","ブランチごと","per branch"
"161","prabhā","prabhā","Feminine","1","一目","glance"
"162","prahelikā","prahelikā","Feminine","1","パズル","Puzzle"
"163","prākṛta","prākṛta","Feminine","1","プラクリット","Prakrit"
"164","prāptikā","prāptikā","Feminine","1","プラプティカ","Praptika"
"165","phaḍiṅgā","phaḍiṅgā","Feminine","1","パディンガ","Phadinga"
"166","bahutā","bahutā","Feminine","1","とても","Very much"
"167","bāndhava","bāndhava","Feminine","1","Bandhav","Bandhav"
"168","bālakrīḍā","bālakrīḍā","Feminine","1","子供の遊び","Children's play"
"169","bālā","bālā","Feminine","1","バラ","Bala"
"170","bālikā","bālikā","Feminine","1","女の子","girl"
"171","biḍālā","biḍālā","Feminine","1","猫","The cat"
"172","bubhukṣā","bubhukṣā","Feminine","1","食欲","appetite"
"173","bhagavadgītā","bhagavadgītā","Feminine","1","バガヴァッド・ジータ","Bhagavad Gita"
"174","bhartsanā","bhartsanā","Feminine","1","叱責","Rebuke"
"175","bhaśirā","bhaśirā","Feminine","1","バシラ","Bhashira"
"176","bhastrā","bhastrā","Feminine","1","バストラ","Bhastra"
"177","bhāryā","bhāryā","Feminine","1","妻","wife"
"178","bhāvajñā","bhāvajñā","Feminine","1","感情の","Emotional"
"179","bhāṣā","bhāṣā","Feminine","1","言語","language"
"180","bhiṇḍā","bhiṇḍā","Feminine","1","ビンダ","Bhinda"
"181","majjā","majjā","Feminine","1","骨髄","Marrow"
"182","mañjuṣā","mañjuṣā","Feminine","1","箱","Box"
"183","mañjūṣā","mañjūṣā","Feminine","1","箱","Box"
"184","maṇḍalikā","maṇḍalikā","Feminine","1","マンダリカ","Mandalika"
"185","madirā","madirā","Feminine","1","ワイン","wine"
"186","manā","manā","Feminine","1","マナ","Mana"
"187","mandurā","mandurā","Feminine","1","マンドゥラ","Mandurah"
"188","manyā","manyā","Feminine","1","マーニャ","Manya"
"189","maryādā","maryādā","Feminine","1","尊厳","Dignity"
"190","mahilā","mahilā","Feminine","1","女性","female"
"191","mātā","mātā","Feminine","1","母親","mother"
"192","mātrā","mātrā","Feminine","1","量","quantity"
"193","māyā","māyā","Feminine","1","マヤ","Maya"
"194","mālā","mālā","Feminine","1","花輪","Garland"
"195","mīmāṃsā","mīmāṃsā","Feminine","1","ミマンサ","Mimansa"
"196","mūrkhatā","mūrkhatā","Feminine","1","愚かさ","Foolishness"
"197","mūrchā","mūrchā","Feminine","1","失神","Fainting"
"198","mūlikā","mūlikā","Feminine","1","だいこん","Radish"
"199","mṛttikā","mṛttikā","Feminine","1","粘土","Clay"
"200","methikā","methikā","Feminine","1","メシカ","Methica"
"201","medhā","medhā","Feminine","1","メダ","Medha"
"202","mendhikā","mendhikā","Feminine","1","メンディカ","Mendhika"
"203","mauktikamālā","mauktikamālā","Feminine","1","真珠のネックレス","Pearl necklace"
"204","yama","yama","Feminine","1","やま","Yama"
"205","yavanikā","yavanikā","Feminine","1","カーテン","curtain"
"206","yavyā","yavyā","Feminine","1","ヤヴィア","Yavya"
"207","yahvā","yahvā","Feminine","1","YHWH","YHWH"
"208","yā","yā","Feminine","1","また","or"
"209","yātanā","yātanā","Feminine","1","拷問","Torture"
"210","yātrā","yātrā","Feminine","1","旅","journey"
"211","rakṣā","rakṣā","Feminine","1","保護","Protection"
"212","rakṣikā","rakṣikā","Feminine","1","保護者","The guardian"
"213","raṇḍa","raṇḍa","Feminine","1","ランド","Rand"
"214","raśanā","raśanā","Feminine","1","ラシュナ","Rashna"
"215","rasanā","rasanā","Feminine","1","ラスナ","Rasna"
"216","rasā","rasā","Feminine","1","ラサ","Rasa"
"217","riraṃsā","riraṃsā","Feminine","1","リランサ","Riransa"
"218","rai","rai","Feminine","1","レイ","Ray"
"219","laghuhastatā","laghuhastatā","Feminine","1","軽快さ","Light-handedness"
"220","laṅkā","laṅkā","Feminine","1","ランカ","Lanka"
"221","lajjā","lajjā","Feminine","1","恥","shame"
"222","latā","latā","Feminine","1","ラタ","Lata"
"223","lūtā","lūtā","Feminine","1","ルタ","Luta"
"224","lekhā","lekhā","Feminine","1","アカウント","Accounts"
"225","vapā","vapā","Feminine","1","VPA","VPA"
"226","vapuṣyā","vapuṣyā","Feminine","1","Vapushya","Vapushya"
"227","varṇamālā","varṇamālā","Feminine","1","アルファベット","Alphabet"
"228","varṣā","varṣā","Feminine","1","雨","Rain"
"229","vācā","vācā","Feminine","1","コヴナント","Covenant"
"230","vāṭikā","vāṭikā","Feminine","1","ヴァティカ","Vatika"
"231","vārā","vārā","Feminine","1","わら","Wara"
"232","vārttā","vārttā","Feminine","1","ニュース","The news"
"233","vālā","vālā","Feminine","1","あるもの","The one with"
"234","vidyā","vidyā","Feminine","1","Vidya","Vidya"
"235","vidhavā","vidhavā","Feminine","1","未亡人","widow"
"236","viṣakanyā","viṣakanyā","Feminine","1","ポイズンガール","Poison Girl"
"237","vīṇā","vīṇā","Feminine","1","ヴィーナ","Veena"
"238","vīratā","vīratā","Feminine","1","ヒロイズム","Heroism"
"239","vṛkṣaśāyikā","vṛkṣaśāyikā","Feminine","1","ツリーベッド","Tree bed"
"240","vedanā","vedanā","Feminine","1","痛み","Pain"
"241","vedyā","vedyā","Feminine","1","ヴェディア","Vedya"
"242","velā","velā","Feminine","1","ヴェラ","Vela"
"243","veśyā","veśyā","Feminine","1","娼婦","whore"
"244","vaikalpikatā","vaikalpikatā","Feminine","1","オプション","Optional"
"245","śayyā","śayyā","Feminine","1","ベッド","bed"
"246","śaradā","śaradā","Feminine","1","シャラダ","Sharada"
"247","śarkarā","śarkarā","Feminine","1","砂糖","Sugar"
"248","śalyakriyā","śalyakriyā","Feminine","1","手術","Surgery"
"249","śālā","śālā","Feminine","1","ストール","stall"
"250","śikṣā","śikṣā","Feminine","1","教育","education"
"251","śikṣikā","śikṣikā","Feminine","1","先生","Teacher"
"252","śikhā","śikhā","Feminine","1","クレスト","Crest"
"253","śiphā","śiphā","Feminine","1","シファ","Shifa"
"254","śiraḥpīḍā","śiraḥpīḍā","Feminine","1","頭痛","Headache"
"255","śilā","śilā","Feminine","1","石","rock"
"256","śiśayiṣā","śiśayiṣā","Feminine","1","シシャイシャ","Shishayisha"
"257","śiṣyā","śiṣyā","Feminine","1","弟子","Disciple"
"258","śīghratā","śīghratā","Feminine","1","スピード","Speed"
"259","śuṅgā","śuṅgā","Feminine","1","シュンガ","Shunga"
"260","śuśrūṣā","śuśrūṣā","Feminine","1","サービス","Services"
"261","śobhanā","śobhanā","Feminine","1","美しい","Beautiful"
"262","śyāvyā","śyāvyā","Feminine","1","Shyavya","Shyavya"
"263","śraddhā","śraddhā","Feminine","1","信念","belief"
"264","śramikā","śramikā","Feminine","1","ワーカー","Worker"
"265","śriyā","śriyā","Feminine","1","シュリヤ","Shriya"
"266","saṃkhyā","saṃkhyā","Feminine","1","番号","number"
"267","saṃjñā","saṃjñā","Feminine","1","名詞","noun"
"268","saṃdhā","saṃdhā","Feminine","1","サンダ","Sandha"
"269","saṃdhyā","saṃdhyā","Feminine","1","夜","Evening"
"270","sajjā","sajjā","Feminine","1","装飾","Decoration"
"271","satyatā","satyatā","Feminine","1","真実性","Truthfulness"
"272","sabhā","sabhā","Feminine","1","組み立て","Assembly"
"273","samā","samā","Feminine","1","サマ","Sama"
"274","sampad","sampad","Feminine","1","財産","Property"
"275","sādhanā","sādhanā","Feminine","1","サダナ","Sadhana"
"276","sirā","sirā","Feminine","1","シラ","Sira"
"277","surā","surā","Feminine","1","スラ","Sura"
"278","sūtikā","sūtikā","Feminine","1","スティカ","Sutika"
"279","senā","senā","Feminine","1","軍","Army"
"280","sevā","sevā","Feminine","1","サービス","service"
"281","sevikā","sevikā","Feminine","1","女中","The maidservant"
"282","stukā","stukā","Feminine","1","ストゥーカ","Stuka"
"283","sthiratā","sthiratā","Feminine","1","安定","Stability"
"284","sthirā","sthirā","Feminine","1","安定","Stable"
"285","sthūṇā","sthūṇā","Feminine","1","ストゥーナ","Sthuna"
"286","snuṣā","snuṣā","Feminine","1","義理の娘","daughter-in-law"
"287","sphoṭikā","sphoṭikā","Feminine","1","爆発物","Explosives"
"288","smeratā","smeratā","Feminine","1","メモリー","Memory"
"289","svadhā","svadhā","Feminine","1","スワダ","Swadha"
"290","haladikā","haladikā","Feminine","1","ハルディカ","Haldika"
"291","haladīkā","haladīkā","Feminine","1","ターメリック","Turmeric"
"292","hikkā","hikkā","Feminine","1","ヒカップ","Hiccups"
"293","hikkikā","hikkikā","Feminine","1","ヒカップ","Hiccups"
"294","hikvā","hikvā","Feminine","1","しゃっくり","Hiccup"
"295","hīrā","hīrā","Feminine","1","ダイヤモンド","Diamond"
"296","hekkā","hekkā","Feminine","1","ヘッカ","Hecca"
"297","holā","holā","Feminine","1","それは起こります","It happens"
"298","aṃśas","aṃśa","Masculine","2","アンシャス","Anshas"
"299","aṃsas","aṃsa","Masculine","2","アンサス","Ansas"
"300","aṃsakūṭas","aṃsakūṭa","Masculine","2","アンスクート","Anscoots"
"301","akālas","akāla","Masculine","2","アカラス","Akalas"
"302","agas","aga","Masculine","2","8月","August"
"303","agniparvatas","agniparvata","Masculine","2","Agniparvatas","Agniparvatas"
"304","aṅkas","aṅka","Masculine","2","アンカス","Ankas"
"305","aṅgas","aṅga","Masculine","2","アンガス","Angas"
"306","aṅgasaṅgas","aṅgasaṅga","Masculine","2","アンガサンガス","Angasangas"
"307","aṅgāras","aṅgāra","Masculine","2","アンガラス","Angaras"
"308","aṅgulas","aṅgula","Masculine","2","アングラス","Angulas"
"309","aṅguṣṭhas","aṅguṣṭha","Masculine","2","親指","thumbs"
"310","acchas","accha","Masculine","2","Achchs","Achchs"
"311","acchabhallas","acchabhalla","Masculine","2","Achchabhallas","Achchabhallas"
"312","ajas","aja","Masculine","2","アジャス","Ajas"
"313","ajagandhas","ajagandha","Masculine","2","りゅう","Dragons"
"314","ajras","ajra","Masculine","2","Ajras","Ajras"
"315","atithidevas","atithideva","Masculine","2","ゲストの神々","Guest gods"
"316","atkas","atka","Masculine","2","Atkas","Atkas"
"317","adgas","adga","Masculine","2","アドガス","Adgas"
"318","adharas","adhara","Masculine","2","唇","Lips"
"319","adhikāras","adhikāra","Masculine","2","権利","Rights"
"320","adhyāpakas","adhyāpaka","Masculine","2","教師","Teachers"
"321","anas","ana","Masculine","2","アナス","Anas"
"322","analas","anala","Masculine","2","アナル","Anals"
"323","anāhāras","anāhāra","Masculine","2","アナハラス","Anaharas"
"324","anilas","anila","Masculine","2","アニル","Anils"
"325","anuprāsas","anuprāsa","Masculine","2","ライムス","Rhymes"
"326","anusvāras","anusvāra","Masculine","2","アヌスワラス","Anuswaras"
"327","anūpas","anūpa","Masculine","2","アヌーパス","Anoopas"
"328","antas","anta","Masculine","2","アンタス","Antas"
"329","antarāyas","antarāya","Masculine","2","アンタラヤ","Antarayas"
"330","apagamas","apagama","Masculine","2","アプガマ","Apgamas"
"331","apadeśas","apadeśa","Masculine","2","Updeshas","Updeshas"
"332","apabhraṃśas","apabhraṃśa","Masculine","2","Apbhrashas","Apbhrashas"
"333","apāyas","apāya","Masculine","2","アパイアス","Apayas"
"334","apūpas","apūpa","Masculine","2","おっと","Apoops"
"335","abdas","abda","Masculine","2","アブダス","Abdas"
"336","abhinayas","abhinaya","Masculine","2","アビナヤ","Abhinayas"
"337","abhiṣekas","abhiṣeka","Masculine","2","Abhisheks","Abhisheks"
"338","abhyaṅgas","abhyaṅga","Masculine","2","アビヤンガス","Abhyangas"
"339","amitras","amitra","Masculine","2","アミトラス","Amitras"
"340","amṛtas","amṛta","Masculine","2","アムリタス","Amritas"
"341","ayaskāras","ayaskāra","Masculine","2","鉄鉱石","Iron ore"
"342","aruṣas","aruṣa","Masculine","2","アルシャス","Arushas"
"343","arkas","arka","Masculine","2","アーク","Arcs"
"344","arghas","argha","Masculine","2","アルガス","Arghas"
"345","arthas","artha","Masculine","2","Arthas","Arthas"
"346","arthālaṃkāras","arthālaṃkāra","Masculine","2","Arthalankaras","Arthalankaras"
"347","arśas","arśa","Masculine","2","アルシャス","Arshas"
"348","alaṃkāras","alaṃkāra","Masculine","2","装飾品","Ornaments"
"349","alasas","alasa","Masculine","2","アルサス","Alsas"
"350","alpaprāṇas","alpaprāṇa","Masculine","2","アルプラナス","Alppranas"
"351","allāhas","allāha","Masculine","2","アッラー","Allahs"
"352","avikas","avika","Masculine","2","アビカス","Avikas"
"353","aśaikṣamārgas","aśaikṣamārga","Masculine","2","アシャクシャマルガス","Ashakshamargas"
"354","aśvas","aśva","Masculine","2","馬、射手","horse, archer"
"355","asaṅkhyeyas","asaṅkhyeya","Masculine","2","無数","Innumerable"
"356","asiras","asira","Masculine","2","Asir","Asir"
"357","asuras","asura","Masculine","2","阿修羅","Asura"
"358","asthibhaṅgas","asthibhaṅga","Masculine","2","骨折","Fractures"
"359","asvīkāras","asvīkāra","Masculine","2","ごみ","refuse"
"360","ahaṃkāras","ahaṃkāra","Masculine","2","自我","Ego"
"361","ākāras","ākāra","Masculine","2","サイズ","Size"
"362","ākāśeśas","ākāśeśa","Masculine","2","Aakash","Aakash"
"363","ākheṭas","ākheṭa","Masculine","2","狩猟","Hunting"
"364","ākheṭakas","ākheṭaka","Masculine","2","猟師","Hunter"
"365","āgneyas","āgneya","Masculine","2","アグニュー","Agnew"
"366","ācāras","ācāra","Masculine","2","行為","Conduct"
"367","ācāryas","ācārya","Masculine","2","アチャリヤ","Acharya"
"368","ācāryadevas","ācāryadeva","Masculine","2","アチャリヤデオ","Acharyadeo"
"369","āṇḍas","āṇḍa","Masculine","2","卵","Eggs"
"370","ādarśas","ādarśa","Masculine","2","理想","Ideal"
"371","ānandas","ānanda","Masculine","2","喜び","Joy"
"372","ānandadattas","ānandadatta","Masculine","2","アナンダダッタ","Anandadatta"
"373","āpaṇas","āpaṇa","Masculine","2","店","shop"
"374","ābharaṇas","ābharaṇa","Masculine","2","装飾品","Ornaments"
"375","āmras","āmra","Masculine","2","Amr","Amr"
"376","āyāmas","āyāma","Masculine","2","寸法","Dimensions"
"377","āyurvedas","āyurveda","Masculine","2","アーユルヴェーダ","Ayurveda"
"378","ārambhas","ārambha","Masculine","2","始める","begin"
"379","ārāmas","ārāma","Masculine","2","快適","Comfort"
"380","āropas","āropa","Masculine","2","非難","blame"
"381","āryas","ārya","Masculine","2","Arya","Arya"
"382","ālaṃkārikas","ālaṃkārika","Masculine","2","比喩的","figurative"
"383","ālambhas","ālambha","Masculine","2","Aalambha","Aalambha"
"384","āśayas","āśaya","Masculine","2","コンテンツ","Content"
"385","āsas","āsa","Masculine","2","望み","Hope"
"386","āsandas","āsanda","Masculine","2","椅子","chair"
"387","āsāras","āsāra","Masculine","2","Asar","Asar"
"388","ikāras","ikāra","Masculine","2","イカール","Ikar"
"389","itihāsas","itihāsa","Masculine","2","歴史","history"
"390","inas","ina","Masculine","2","これらは","These"
"391","indras","indra","Masculine","2","インドラ","Indra"
"392","islāmas","islāma","Masculine","2","イスラム教","Islam"
"393","islāmadharmas","islāmadharma","Masculine","2","イスラム教","Islamism"
"394","īrmas","īrma","Masculine","2","Eerm","Eerm"
"395","īśas","īśa","Masculine","2","Hは","Ish"
"396","īśvaras","īśvara","Masculine","2","神","God"
"397","īṣadvīryas","īṣadvīrya","Masculine","2","わずかに精液","slightly semen"
"398","uccāras","uccāra","Masculine","2","発音","Pronunciation"
"399","ucchvāsas","ucchvāsa","Masculine","2","呼気","Exhalation"
"400","uṇḍukas","uṇḍuka","Masculine","2","Unduk","Unduk"
"401","utsas","utsa","Masculine","2","ソース","Source"
"402","utsāhas","utsāha","Masculine","2","熱意","enthusiasm"
"403","upakāras","upakāra","Masculine","2","親切","Kindness"
"404","upadeśas","upadeśa","Masculine","2","説教","Preaching"
"405","upayogas","upayoga","Masculine","2","使用法","Usage"
"406","upālambhas","upālambha","Masculine","2","Upalambha","Upalambha"
"407","uraṇas","uraṇa","Masculine","2","ウラン","Uran"
"408","ulūkas","ulūka","Masculine","2","フクロウ","owl"
"409","ullāsas","ullāsa","Masculine","2","興奮","Excitement"
"410","uṣṭras","uṣṭra","Masculine","2","キャメル","camel"
"411","uṣṇas","uṣṇa","Masculine","2","暖かい","Warm"
"412","ūbadhyas","ūbadhya","Masculine","2","退屈","Bored"
"413","ūmas","ūma","Masculine","2","Oom","Oom"
"414","ūhas","ūha","Masculine","2","ああ","Ooh"
"415","ṛkāras","ṛkāra","Masculine","2","リカー","Rikar"
"416","ṛgvedas","ṛgveda","Masculine","2","リグヴェダ","Rigveda"
"417","ṛjras","ṛjra","Masculine","2","Rijra","Rijra"
"418","ṛśas","ṛśa","Masculine","2","リッシュ","Rish"
"419","ṛśyas","ṛśya","Masculine","2","リシャ","Rishya"
"420","ṛṣabhas","ṛṣabha","Masculine","2","ブル","Bull"
"421","ekāhas","ekāha","Masculine","2","エカ","Ekah"
"422","eḍas","eḍa","Masculine","2","エド","Ed"
"423","edhas","edha","Masculine","2","エドハ","Edha"
"424","evas","eva","Masculine","2","イブ","Eve"
"425","aindavas","aindava","Masculine","2","Aindav","Aindav"
"426","okāras","okāra","Masculine","2","Ocar","Ocar"
"427","oghas","ogha","Masculine","2","ああ","Ogh"
"428","oṣas","oṣa","Masculine","2","OSH","OSH"
"429","oṣṭhas","oṣṭha","Masculine","2","唇","lips"
"430","oṣṭhyas","oṣṭhya","Masculine","2","唇","lips"
"431","kakṣas","kakṣa","Masculine","2","部屋","room"
"432","kaṅkatas","kaṅkata","Masculine","2","櫛","comb"
"433","kacchapas","kacchapa","Masculine","2","カメ","turtle"
"434","kaccheṣṭas","kaccheṣṭa","Masculine","2","Kachcheshta","Kachcheshta"
"435","kaṭhinapṛṣṭhas","kaṭhinapṛṣṭha","Masculine","2","ハードページ","Hardpage"
"436","kaṭhinapṛṣṭhakas","kaṭhinapṛṣṭhaka","Masculine","2","ハードバック","Hardbacks"
"437","kaṇas","kaṇa","Masculine","2","粒子","particles"
"438","kaṇṭhas","kaṇṭha","Masculine","2","喉","throat"
"439","kadas","kada","Masculine","2","身長","Height"
"440","kandas","kanda","Masculine","2","チューバー","Tubers"
"441","kandaras","kandara","Masculine","2","カンダール","Kandar"
"442","kapiśākas","kapiśāka","Masculine","2","カピシャク","Kapishak"
"443","kapīśas","kapīśa","Masculine","2","Kapeesh","Kapeesh"
"444","kapotas","kapota","Masculine","2","鳩","Pigeons"
"445","kapolas","kapola","Masculine","2","カポル","Kapol"
"446","kampas","kampa","Masculine","2","コンプ","Comp"
"447","karas","kara","Masculine","2","行う","do"
"448","karadīpas","karadīpa","Masculine","2","ハンドランプ","Hand lamps"
"449","karikas","karika","Masculine","2","カリク","Karik"
"450","karikumbhas","karikumbha","Masculine","2","カリクンバ","Karikumbha"
"451","karikusumbhas","karikusumbha","Masculine","2","カリクスンバ","Karikusumbha"
"452","karijas","karija","Masculine","2","カリス","Kariz"
"453","karidantas","karidanta","Masculine","2","カリダント","Karidant"
"454","karidārakas","karidāraka","Masculine","2","カリダラック","Karidarak"
"455","karipas","karipa","Masculine","2","カリップ","Karip"
"456","karipathas","karipatha","Masculine","2","カリパス","Karipath"
"457","karipotas","karipota","Masculine","2","カリポット","Karipot"
"458","karibandhas","karibandha","Masculine","2","カリバンド","Karibandh"
"459","karimakaras","karimakara","Masculine","2","カリムカー","Karimkar"
"460","karimācalas","karimācala","Masculine","2","カリマチャル","Karimachal"
"461","karimukhas","karimukha","Masculine","2","カリムク","Karimukh"
"462","karivaras","karivara","Masculine","2","カリヴァー","Karivar"
"463","kariśāvakas","kariśāvaka","Masculine","2","Karishavak","Karishavak"
"464","kariskandhas","kariskandha","Masculine","2","カリスカンダ","Kariskandha"
"465","karihastas","karihasta","Masculine","2","カリハスト","Karihast"
"466","karīndras","karīndra","Masculine","2","カリンドラ","Karindra"
"467","kargadas","kargada","Masculine","2","紙","Paper"
"468","karmadhārayas","karmadhāraya","Masculine","2","動詞","verbs"
"469","kalamas","kalama","Masculine","2","ペン","Pen"
"470","kalaviṅkas","kalaviṅka","Masculine","2","カルヴィンク","Calvink"
"471","kalaśas","kalaśa","Masculine","2","瓶","jar"
"472","kalkāñjanas","kalkāñjana","Masculine","2","カルカンジャン","Kalkanjan"
"473","kaśas","kaśa","Masculine","2","押す","Push"
"474","kaśaplakas","kaśaplaka","Masculine","2","カシュプラク","Kashplak"
"475","kaśmīras","kaśmīra","Masculine","2","カシミール","Kashmir"
"476","kaśyapas","kaśyapa","Masculine","2","カシャップ","Kashyap"
"477","kaśyapamīras","kaśyapamīra","Masculine","2","カシャプミール","Kashyapmir"
"478","kaṣṭas","kaṣṭa","Masculine","2","苦しむ","Suffering"
"479","kāmas","kāma","Masculine","2","仕事","Work"
"480","kāmukas","kāmuka","Masculine","2","エロティック","Erotic"
"481","kāras","kāra","Masculine","2","車","Car"
"482","kārttikas","kārttika","Masculine","2","Kartik","Kartik"
"483","kāliyas","kāliya","Masculine","2","カリヤ","Kaliya"
"484","kāśmīras","kāśmīra","Masculine","2","カシミール","Kashmir"
"485","kāṣṭhatakṣakas","kāṣṭhatakṣaka","Masculine","2","ウッドペッカー","woodpecker"
"486","kiṃnaras","kiṃnara","Masculine","2","シェマレ","Shemale"
"487","kiṭas","kiṭa","Masculine","2","キット","Kit"
"488","kinnaras","kinnara","Masculine","2","シェマレ","Shemale"
"489","kimpuruṣas","kimpuruṣa","Masculine","2","キンプルシャ","Kimpurusha"
"490","kiraṇas","kiraṇa","Masculine","2","キラン","Kiran"
"491","kukkuṭas","kukkuṭa","Masculine","2","チキン","chicken"
"492","kukkuras","kukkura","Masculine","2","犬","The dog"
"493","kubjas","kubja","Masculine","2","ハンチバック","Hunchback"
"494","kumāras","kumāra","Masculine","2","クマール","Kumar"
"495","kumbhas","kumbha","Masculine","2","いじめっ子","bully"
"496","kumbhakāras","kumbhakāra","Masculine","2","陶器","Pottery"
"497","kurkuṭas","kurkuṭa","Masculine","2","Kurkut","Kurkut"
"498","kurkuras","kurkura","Masculine","2","Kurkur","Kurkur"
"499","kulatthas","kulattha","Masculine","2","クラッタ","Kulattha"
"500","kulālas","kulāla","Masculine","2","陶芸家","The potter"
"501","kuṣmāṇḍas","kuṣmāṇḍa","Masculine","2","かぼちゃ","pumpkin"
"502","kūcas","kūca","Masculine","2","ソファー","Couch"
"503","kūpas","kūpa","Masculine","2","良い","Well"
"504","kūrmas","kūrma","Masculine","2","亀","The tortoise"
"505","kṛdantas","kṛdanta","Masculine","2","動詞","The verb"
"506","kṛpāṇas","kṛpāṇa","Masculine","2","剣","sword"
"507","kṛṣakas","kṛṣaka","Masculine","2","農家","farmer"
"508","kṛṣṇas","kṛṣṇa","Masculine","2","クリシュナ","Krishna"
"509","kṛṣṇavyālas","kṛṣṇavyāla","Masculine","2","黒蛇","Black serpent"
"510","keśas","keśa","Masculine","2","髪","Hair"
"511","kokilas","kokila","Masculine","2","カッコウ","Cuckoo"
"512","koṇas","koṇa","Masculine","2","コーナー","corner"
"513","kopas","kopa","Masculine","2","怒り","Wrath"
"514","koṣṭhas","koṣṭha","Masculine","2","シェル","shell"
"515","kauravas","kaurava","Masculine","2","カウラバス","Kauravas"
"516","kramas","krama","Masculine","2","注文","Order"
"517","krīḍakas","krīḍaka","Masculine","2","プレイヤー","The player"
"518","krodhas","krodha","Masculine","2","怒り","anger"
"519","kvāthas","kvātha","Masculine","2","煎じ薬","Decoction"
"520","kṣas","kṣa","Masculine","2","バツ","x"
"521","kṣaṇas","kṣaṇa","Masculine","2","2番目","second"
"522","kṣatriyas","kṣatriya","Masculine","2","Kshatriyas","Kshatriyas"
"523","kṣayas","kṣaya","Masculine","2","減衰","decay"
"524","kṣudrakas","kṣudraka","Masculine","2","ささいな","petty"
"525","kṣubdhas","kṣubdha","Masculine","2","かき混ぜる","Agitated"
"526","kṣuras","kṣura","Masculine","2","かみそり","Razor"
"527","kṣveḍitas","kṣveḍita","Masculine","2","きしむ","Squeaked"
"528","khadyotas","khadyota","Masculine","2","Khadyot","Khadyot"
"529","khanakas","khanaka","Masculine","2","カナック","Khanak"
"530","khaśas","khaśa","Masculine","2","幸せ","Happy"
"531","khaṣpas","khaṣpa","Masculine","2","Khashp","Khashp"
"532","khuras","khura","Masculine","2","フーブ","hooves"
"533","khedas","kheda","Masculine","2","ごめん","Sorry"
"534","gaṅgādharas","gaṅgādhara","Masculine","2","ガンガダール","Gangadhar"
"535","gacchas","gaccha","Masculine","2","行く","go"
"536","gaṇas","gaṇa","Masculine","2","バンド","band"
"537","gaṇakas","gaṇaka","Masculine","2","カウンター","Counter"
"538","gaṇḍas","gaṇḍa","Masculine","2","頬","Cheeks"
"539","gandhas","gandha","Masculine","2","におい","The smell"
"540","gandharvas","gandharva","Masculine","2","ガンダルバ","Gandharva"
"541","garuḍas","garuḍa","Masculine","2","鷲","eagle"
"542","garbhas","garbha","Masculine","2","妊娠","Pregnancy"
"543","garvas","garva","Masculine","2","誇り","Pride"
"544","galagaṇḍas","galagaṇḍa","Masculine","2","喉","Throat"
"545","gallas","galla","Masculine","2","頬","cheek"
"546","gītas","gīta","Masculine","2","歌","Song"
"547","gucchas","guccha","Masculine","2","束","Bunch"
"548","guḍas","guḍa","Masculine","2","良い","Good"
"549","guṇas","guṇa","Masculine","2","美徳","virtue"
"550","gulas","gula","Masculine","2","ガル","Gul"
"551","gṛdhras","gṛdhra","Masculine","2","グリッド","grid"
"552","godhūmas","godhūma","Masculine","2","小麦","wheat"
"553","gopālas","gopāla","Masculine","2","ゴパル","Gopal"
"554","goladīpas","goladīpa","Masculine","2","Goldeep","Goldeep"
"555","goṣṭhas","goṣṭha","Masculine","2","ゴシュタ","Goshta"
"556","grahas","graha","Masculine","2","甘やかす","spoil"
"557","grīṣmas","grīṣma","Masculine","2","夏","summer"
"558","ghanas","ghana","Masculine","2","質量","mass"
"559","gharmas","gharma","Masculine","2","熱","Heat"
"560","ghāsas","ghāsa","Masculine","2","草","Grass"
"561","ghṛṇas","ghṛṇa","Masculine","2","おぞましい","disgusting"
"562","ghoṭakas","ghoṭaka","Masculine","2","ゴタク","Ghotak"
"563","ghoras","ghora","Masculine","2","ゴール","Ghor"
"564","ghoṣas","ghoṣa","Masculine","2","ゴーシュ","Ghosh"
"565","ghraṃsas","ghraṃsa","Masculine","2","グラン","Ghrans"
"566","cakravātas","cakravāta","Masculine","2","サイクロン","Cyclone"
"567","caṇas","caṇa","Masculine","2","ちゃん","Chan"
"568","caturas","catura","Masculine","2","頭がいい","Clever"
"569","camasas","camasa","Masculine","2","スプーン","spoon"
"570","cikitsakas","cikitsaka","Masculine","2","医師","Physician"
"571","cikitsālayas","cikitsālaya","Masculine","2","病院","hospital"
"572","cumbas","cumba","Masculine","2","チャンブ","Chumb"
"573","coras","cora","Masculine","2","泥棒","thief"
"574","cyupas","cyupa","Masculine","2","チャップ","Chup"
"575","chagaṇas","chagaṇa","Masculine","2","チャガン","Chhagan"
"576","chagalas","chagala","Masculine","2","だまされた","Cheated"
"577","chāttras","chāttra","Masculine","2","学生","Students"
"578","chātras","chātra","Masculine","2","瞳","pupil"
"579","jas","ja","Masculine","2","h","h"
"580","jagannāthas","jagannātha","Masculine","2","ジャガンナート","Jagannath"
"581","janas","jana","Masculine","2","彼ら","guys"
"582","janakas","janaka","Masculine","2","お父さん","Father"
"583","janapadas","janapada","Masculine","2","区域","district"
"584","jambudvīpas","jambudvīpa","Masculine","2","Jambudvipa","Jambudvipa"
"585","jambulas","jambula","Masculine","2","梅","plum"
"586","jambhas","jambha","Masculine","2","ジャンブ","Jambh"
"587","jayas","jaya","Masculine","2","勝つ","win"
"588","jalakaṇṭakas","jalakaṇṭaka","Masculine","2","ウォーターソーン","Waterthorn"
"589","jaladas","jalada","Masculine","2","素早く","Quickly"
"590","javas","java","Masculine","2","オオムギ","Barley"
"591","jīrṇas","jīrṇa","Masculine","2","使い古した","Worn out"
"592","jyeṣṭhas","jyeṣṭha","Masculine","2","シニア","senior"
"593","jyotiriṅgaṇas","jyotiriṅgaṇa","Masculine","2","ジョティリンガナ","Jyotiringana"
"594","jyotiṣikas","jyotiṣika","Masculine","2","占星術師","Astrologers"
"595","jyautiṣikas","jyautiṣika","Masculine","2","占星術","Astrological"
"596","jvaras","jvara","Masculine","2","熱","Fever"
"597","jhaṣas","jhaṣa","Masculine","2","魚","Fish"
"598","ṭiṇḍiśas","ṭiṇḍiśa","Masculine","2","ティンディッシュ","Tindish"
"599","ḍakāras","ḍakāra","Masculine","2","ダカール","Dakar"
"600","ḍālas","ḍāla","Masculine","2","置く","Put"
"601","ḍholas","ḍhola","Masculine","2","ドラム","Drums"
"602","takvas","takva","Masculine","2","Takv","Takv"
"603","tatas","tata","Masculine","2","それで","Then"
"604","tathāgatas","tathāgata","Masculine","2","タタガタ","Tathagata"
"605","taruṇas","taruṇa","Masculine","2","若い","Young"
"606","tātas","tāta","Masculine","2","お父さん","Father"
"607","tānas","tāna","Masculine","2","タン","Tan"
"608","tāpas","tāpa","Masculine","2","熱","Heat"
"609","tāmbūlikas","tāmbūlika","Masculine","2","タンブリク","Tambulik"
"610","tārakas","tāraka","Masculine","2","タラック","Tarak"
"611","tārkikas","tārkika","Masculine","2","論理的","Logical"
"612","tittiras","tittira","Masculine","2","オウム","Parrots"
"613","tilas","tila","Masculine","2","ゴマ","Sesame seeds"
"614","tīkṣṇadaṃṣṭrakas","tīkṣṇadaṃṣṭraka","Masculine","2","鋭い歯","sharp-toothed"
"615","tukhāras","tukhāra","Masculine","2","Tukhar","Tukhar"
"616","tuñjas","tuñja","Masculine","2","Tunj","Tunj"
"617","toṣas","toṣa","Masculine","2","トッシュ","Tosh"
"618","tyāgas","tyāga","Masculine","2","犠牲","sacrifice"
"619","trāsas","trāsa","Masculine","2","テロ","Terror"
"620","trikoṇas","trikoṇa","Masculine","2","三角形","Triangle"
"621","tryambakas","tryambaka","Masculine","2","Trimbak","Trimbak"
"622","tvacchedas","tvaccheda","Masculine","2","スキンカット","skin cut"
"623","tveṣathas","tveṣatha","Masculine","2","Tveshatha","Tveshatha"
"624","daṃṣṭras","daṃṣṭra","Masculine","2","牙","fangs"
"625","dakṣiṇas","dakṣiṇa","Masculine","2","南","south"
"626","daṇḍas","daṇḍa","Masculine","2","ペナルティ","Penalty"
"627","daṇḍadīpas","daṇḍadīpa","Masculine","2","ダンダディープ","Dandadeep"
"628","daṇḍanas","daṇḍana","Masculine","2","罰","punishment"
"629","dattāṃśas","dattāṃśa","Masculine","2","データ","data"
"630","dantakūrcas","dantakūrca","Masculine","2","爪楊枝","Toothpick"
"631","dantavaidyas","dantavaidya","Masculine","2","歯医者","Dentist"
"632","damas","dama","Masculine","2","ダム","Dum"
"633","darbhas","darbha","Masculine","2","ダルバ","Darbha"
"634","darmas","darma","Masculine","2","宗教","Religion"
"635","dalas","dala","Masculine","2","チーム","team"
"636","dāḍimas","dāḍima","Masculine","2","ザクロ","Pomegranates"
"637","dāras","dāra","Masculine","2","ダール","Dar"
"638","dālas","dāla","Masculine","2","パルス","Pulses"
"639","dāsas","dāsa","Masculine","2","ダス","Das"
"640","dāhas","dāha","Masculine","2","燃焼","Burning"
"641","dineśas","dineśa","Masculine","2","ディネッシュ","Dinesh"
"642","dīpas","dīpa","Masculine","2","深い","Deep"
"643","dīpotsavas","dīpotsava","Masculine","2","Dipotsav","Dipotsav"
"644","duḥsvapnas","duḥsvapna","Masculine","2","悪夢","nightmare"
"645","duras","dura","Masculine","2","遠く","Far away"
"646","durgandhas","durgandha","Masculine","2","悪臭","Bad smell"
"647","dūtas","dūta","Masculine","2","天使","angel"
"648","dūrabhāṣas","dūrabhāṣa","Masculine","2","電話","Tel"
"649","dṛḍhabījas","dṛḍhabīja","Masculine","2","しっかりした種子","Firm seeds"
"650","devas","deva","Masculine","2","神","God"
"651","devaras","devara","Masculine","2","Devar","Devar"
"652","devasarṣapas","devasarṣapa","Masculine","2","神々のマスタード","Mustard of the gods"
"653","deśas","deśa","Masculine","2","国","Country"
"654","daityas","daitya","Masculine","2","悪魔","demon"
"655","doṣas","doṣa","Masculine","2","欠点","faults"
"656","dohas","doha","Masculine","2","ドー","Doh"
"657","drapsas","drapsa","Masculine","2","ドロップ","Drops"
"658","dramiḍas","dramiḍa","Masculine","2","ドラミッド","Dramids"
"659","dramilas","dramila","Masculine","2","ドラミル","Dramil"
"660","draviḍas","draviḍa","Masculine","2","ドラビディアン","Dravidian"
"661","drohas","droha","Masculine","2","裏切り","Betrayal"
"662","dvipas","dvipa","Masculine","2","島","The island"
"663","dviras","dvira","Masculine","2","Dvir","Dvir"
"664","dvirephas","dvirepha","Masculine","2","Dviref","Dviref"
"665","dveṣas","dveṣa","Masculine","2","憎しみ","Hatred"
"666","dharmas","dharma","Masculine","2","宗教","religion"
"667","dhārakas","dhāraka","Masculine","2","保有者","holder"
"668","dhuras","dhura","Masculine","2","軸","Axis"
"669","dhūpas","dhūpa","Masculine","2","お香","Incense"
"670","dhūmas","dhūma","Masculine","2","Dhoom","Dhoom"
"671","dhṛtas","dhṛta","Masculine","2","Dhrut","Dhrut"
"672","dhvajas","dhvaja","Masculine","2","国旗","Flag"
"673","nakāras","nakāra","Masculine","2","拒否","Denial"
"674","nakulas","nakula","Masculine","2","ナクル","Nakul"
"675","nagnas","nagna","Masculine","2","裸","Naked"
"676","naras","nara","Masculine","2","男","Male"
"677","narādhipa​","narādhipa​","Masculine","2","ナラディパ","Naradhipa"
"678","narāśaṃsas","narāśaṃsa","Masculine","2","ナラシャン","Narashans"
"679","nākas","nāka","Masculine","2","鼻","The nose"
"680","nāyakas","nāyaka","Masculine","2","俳優","actor"
"681","nāyakādhipas","nāyakādhipa","Masculine","2","ナヤカディパ","Nayakadhipa"
"682","nārakas","nāraka","Masculine","2","地獄","Hell"
"683","nārikelas","nārikela","Masculine","2","ココナッツ","Coconuts"
"684","nāvājas","nāvāja","Masculine","2","ナワズ","Nawaz"
"685","nāśas","nāśa","Masculine","2","破滅","ruin"
"686","nāstikas","nāstika","Masculine","2","無神論者","Atheist"
"687","nijas","nija","Masculine","2","プライベート","Private"
"688","nidāghas","nidāgha","Masculine","2","ニダー","Nidagh"
"689","nimayas","nimaya","Masculine","2","交換","Exchange"
"690","nimiṣas","nimiṣa","Masculine","2","点滅","Blink"
"691","nimbūkas","nimbūka","Masculine","2","レモン","Lemons"
"692","niyamas","niyama","Masculine","2","ルール","rule"
"693","nivāsas","nivāsa","Masculine","2","住居","Residence"
"694","nīlalohitas","nīlalohita","Masculine","2","青赤","blue-red"
"695","nīl̤as","nīl̤a","Masculine","2","青い","blue"
"696","nṛpas","nṛpa","Masculine","2","王","King"
"697","netracchadas","netracchada","Masculine","2","まぶた","Eyelids"
"698","netropamas","netropama","Masculine","2","ネトロパム","Netropam"
"699","nyagrodhas","nyagrodha","Masculine","2","ニャグロダ","Nyagrodha"
"700","nyāyas","nyāya","Masculine","2","正義","justice"
"701","pakāras","pakāra","Masculine","2","Pacars","Pacars"
"702","pakṣas","pakṣa","Masculine","2","パクシャ","Pakshas"
"703","paṇḍitas","paṇḍita","Masculine","2","パンディット","Pandits"
"704","pad","pad","Masculine","2","パッド","Pad"
"705","parāśaras","parāśara","Masculine","2","パラシャラス","Parasharas"
"706","paricchedas","pariccheda","Masculine","2","パラグラフ","Paragraphs"
"707","parjanyas","parjanya","Masculine","2","パルジャニャス","Parjanyas"
"708","parvatas","parvata","Masculine","2","山","mountains"
"709","parśānas","parśāna","Masculine","2","パルシャン","Parshans"
"710","parṣas","parṣa","Masculine","2","パルシャ","Parshas"
"711","pavanas","pavana","Masculine","2","パバナ","Pavanas"
"712","pāṇḍavas","pāṇḍava","Masculine","2","パンダバス","Pandavas"
"713","pātas","pāta","Masculine","2","パタス","Patas"
"714","pādas","pāda","Masculine","2","パダス","Padas"
"715","pādakandukas","pādakanduka","Masculine","2","フットボール","Footballs"
"716","pādapas","pādapa","Masculine","2","植物","plants"
"717","pādaśothas","pādaśotha","Masculine","2","足の炎症","Foot inflammation"
"718","pālakas","pālaka","Masculine","2","パラカス","Palakas"
"719","pāvakas","pāvaka","Masculine","2","パヴカス","Pavkas"
"720","pāśas","pāśa","Masculine","2","パシャ","Pashas"
"721","piṅgas","piṅga","Masculine","2","Ping","Pings"
"722","pitāmahas","pitāmaha","Masculine","2","祖父","The grandfather"
"723","pitṛdevas","pitṛdeva","Masculine","2","Pitridevas","Pitridevas"
"724","piśācas","piśāca","Masculine","2","吸血鬼","Vampires"
"725","pīṭhas","pīṭha","Masculine","2","ピーサス","Peethas"
"726","pīnas","pīna","Masculine","2","ピーンズ","Peans"
"727","pīnasas","pīnasa","Masculine","2","ピヌス","Pinuss"
"728","putras","putra","Masculine","2","プトラス","Putras"
"729","pudgalas","pudgala","Masculine","2","Pudgalas","Pudgalas"
"730","puraṃdaras","puraṃdara","Masculine","2","プランダラス","Purandaras"
"731","puruṣas","puruṣa","Masculine","2","プルシャス","Purushas"
"732","puruṣottamas","puruṣottama","Masculine","2","プルショットタマス","Purushottamas"
"733","purohitas","purohita","Masculine","2","僧侶","The priests"
"734","pūtivātas","pūtivāta","Masculine","2","プチバタス","Putivatas"
"735","pūrvāhṇas","pūrvāhṇa","Masculine","2","朝","The mornings"
"736","pecakas","pecaka","Masculine","2","スクリュードライバー","Screwdriver"
"737","prakāśas","prakāśa","Masculine","2","プラカシャ","Prakashas"
"738","prakopas","prakopa","Masculine","2","プラコパス","Prakopas"
"739","praṇayonmādas","praṇayonmāda","Masculine","2","プラナヨンマダス","Pranayonmadas"
"740","pratirodhas","pratirodha","Masculine","2","抵抗","Resistances"
"741","pratiśyāyas","pratiśyāya","Masculine","2","Pratishyas","Pratishyas"
"742","prathamas","prathama","Masculine","2","ファースト","Firsts"
"743","prabandhas","prabandha","Masculine","2","プラバンダス","Prabandhas"
"744","prabhākīṭas","prabhākīṭa","Masculine","2","Prabhakeetas","Prabhakeetas"
"745","prayatnas","prayatna","Masculine","2","Prayatnas","Prayatnas"
"746","praveśas","praveśa","Masculine","2","入り口","Entrances"
"747","praśnas","praśna","Masculine","2","質問","Questions"
"748","prastaras","prastara","Masculine","2","プラスタラス","Prastaras"
"749","prahāras","prahāra","Masculine","2","プラハラス","Praharas"
"750","prākāras","prākāra","Masculine","2","プラカラス","Prakaras"
"751","prāṇas","prāṇa","Masculine","2","プラナス","Pranas"
"752","prātaḥkālas","prātaḥkāla","Masculine","2","朝","The mornings"
"753","prāsas","prāsa","Masculine","2","プラサス","Prasas"
"754","prāsādas","prāsāda","Masculine","2","宮殿","Palaces"
"755","prauḍhas","prauḍha","Masculine","2","大人","Adults"
"756","phakāras","phakāra","Masculine","2","Facars","Facars"
"757","phiraṅgas","phiraṅga","Masculine","2","フィラン","Firangs"
"758","phenakas","phenaka","Masculine","2","フェンカス","Phencus"
"759","bakāras","bakāra","Masculine","2","バカラス","Bakaras"
"760","bajas","baja","Masculine","2","バズ","Buzz"
"761","baddhakas","baddhaka","Masculine","2","バダカス","Baddhakas"
"762","bandhas","bandha","Masculine","2","バンダス","Bandhas"
"763","barjahas","barjaha","Masculine","2","ブルジャス","Burjhas"
"764","barbaṭas","barbaṭa","Masculine","2","バルバトゥス","Barbatus"
"765","barbaras","barbara","Masculine","2","野蛮人","Barbarians"
"766","balīvardas","balīvarda","Masculine","2","バリワーズ","Baliwards"
"767","bastas","basta","Masculine","2","バスタス","Bastas"
"768","bahiṣkāras","bahiṣkāra","Masculine","2","除外","Exclusions"
"769","bahubollakas","bahubollaka","Masculine","2","バフボラカス","Bahubollakas"
"770","bāṅgalādeśas","bāṅgalādeśa","Masculine","2","バングラデシュ","Bangladeshs"
"771","bāṇas","bāṇa","Masculine","2","バナス","Banas"
"772","bālas","bāla","Masculine","2","バルス","Bals"
"773","bālakas","bālaka","Masculine","2","バルカス","Balkas"
"774","bāliśas","bāliśa","Masculine","2","子供っぽい","Childish"
"775","biḍālas","biḍāla","Masculine","2","猫","Cats"
"776","buddhas","buddha","Masculine","2","仏","Buddhas"
"777","budhas","budha","Masculine","2","水星","Mercury"
"778","bundas","bunda","Masculine","2","バンド","Bunds"
"779","bulabulas","bulabula","Masculine","2","ブルブル","Bulbuls"
"780","bollakas","bollaka","Masculine","2","ボラック","Bollaks"
"781","bhakṣas","bhakṣa","Masculine","2","バクシャス","Bhakshas"
"782","bhagas","bhaga","Masculine","2","バガス","Bhagas"
"783","bhagadattas","bhagadatta","Masculine","2","バガダッタス","Bhagadattas"
"784","bhaṅgas","bhaṅga","Masculine","2","バンズ","Bhangs"
"785","bhañjakas","bhañjaka","Masculine","2","バンジャカス","Bhanjakas"
"786","bhayaṅkaras","bhayaṅkara","Masculine","2","彼らはひどいです","They are terrible"
"787","bharas","bhara","Masculine","2","バール","Bhars"
"788","bhartsakas","bhartsaka","Masculine","2","バルタカ","Bhartsakas"
"789","bhallas","bhalla","Masculine","2","バラス","Bhallas"
"790","bhallūkas","bhallūka","Masculine","2","フクロウ","Owls"
"791","bhavakṣayas","bhavakṣaya","Masculine","2","Bhavakshayas","Bhavakshayas"
"792","bhāgas","bhāga","Masculine","2","バグ","Bhags"
"793","bhāmas","bhāma","Masculine","2","バマス","Bhamas"
"794","bhāras","bhāra","Masculine","2","バール","Bhars"
"795","bhārikas","bhārika","Masculine","2","バリカス","Bharicus"
"796","bhāvas","bhāva","Masculine","2","ババス","Bhavas"
"797","bhāsas","bhāsa","Masculine","2","バサス","Bhasas"
"798","bhujas","bhuja","Masculine","2","ブージャス","Bhujas"
"799","bhūkampas","bhūkampa","Masculine","2","地震","Earthquakes"
"800","bhūgolas","bhūgola","Masculine","2","地理","Geography"
"801","bhūpas","bhūpa","Masculine","2","ブーパス","Bhupas"
"802","bhūbhāgas","bhūbhāga","Masculine","2","根拠","Grounds"
"803","bhūrjas","bhūrja","Masculine","2","ブルハス","Bhurjas"
"804","bhogas","bhoga","Masculine","2","ボガス","Bhogas"
"805","bhraṃśas","bhraṃśa","Masculine","2","ブランシャス","Bhranshas"
"806","bhramaras","bhramara","Masculine","2","ブラマラス","Bhramaras"
"807","makakas","makaka","Masculine","2","Maccas","Maccas"
"808","makaras","makara","Masculine","2","山羊座","Capricorns"
"809","maṇibandhas","maṇibandha","Masculine","2","マニバンダ","Manibandhas"
"810","maṇḍūkas","maṇḍūka","Masculine","2","カエル","Frogs"
"811","mattas","matta","Masculine","2","マタス","Mattas"
"812","matsyas","matsya","Masculine","2","Matsyas","Matsyas"
"813","madanas","madana","Masculine","2","マダン","Madans"
"814","madanāṅkuśas","madanāṅkuśa","Masculine","2","マダナンクシャス","Madanankushas"
"815","madyasāras","madyasāra","Masculine","2","アルコール飲料","Alcoholic beverages"
"816","madhuras","madhura","Masculine","2","マドゥラス","Madhuras"
"817","madhyas","madhya","Masculine","2","マディヤス","Madhyas"
"818","manuṣyas","manuṣya","Masculine","2","マヌシャス","Manushyas"
"819","mayūkhas","mayūkha","Masculine","2","マユクス","Mayukhs"
"820","mayūras","mayūra","Masculine","2","孔雀","Peacocks"
"821","marīyamiputras","marīyamiputra","Masculine","2","メアリーの息子","Mary's sons"
"822","markaṭas","markaṭa","Masculine","2","メルカトゥス","Mercatus"
"823","martas","marta","Masculine","2","マルタス","Martas"
"824","mardas","marda","Masculine","2","マルダス","Mardas"
"825","maryas","marya","Masculine","2","マリアス","Maryas"
"826","maśas","maśa","Masculine","2","マッシュ","Mashs"
"827","maśakas","maśaka","Masculine","2","蚊","Mosquitoes"
"828","mahas","maha","Masculine","2","マハス","Mahas"
"829","mahāgajas","mahāgaja","Masculine","2","マハガジャス","Mahagajas"
"830","mahādevas","mahādeva","Masculine","2","マハデバス","Mahadevas"
"831","mahārājan","mahārājan","Masculine","2","マハラジャン","Maharajan"
"832","mahārṇavas","mahārṇava","Masculine","2","大海原","The great ocean"
"833","mahāvīras","mahāvīra","Masculine","2","マハビラス","Mahaviras"
"834","mahiṣas","mahiṣa","Masculine","2","バッファロー","Buffaloes"
"835","māṇḍalikas","māṇḍalika","Masculine","2","マンダリック","Mandalics"
"836","mātṛdevas","mātṛdeva","Masculine","2","母なる女神","Mother Goddess"
"837","mādhavas","mādhava","Masculine","2","マダバス","Madhavas"
"838","māras","māra","Masculine","2","火星","Mars"
"839","mārgas","mārga","Masculine","2","マーグ","Margs"
"840","mārjāras","mārjāra","Masculine","2","マルザラス","Marzaras"
"841","māsas","māsa","Masculine","2","質量s","Mass. s"
"842","miyedhas","miyedha","Masculine","2","Miedhs","Miedhs"
"843","mihiras","mihira","Masculine","2","Mihirs","Mihirs"
"844","mīnas","mīna","Masculine","2","意味","Means"
"845","mīras","mīra","Masculine","2","Meers","Meers"
"846","mukhyas","mukhya","Masculine","2","メインの","The main s"
"847","mudgas","mudga","Masculine","2","マッドガス","Mudgas"
"848","muralīdharas","muralīdhara","Masculine","2","Muralidhars","Muralidhars"
"849","muṣkas","muṣka","Masculine","2","マスカス","Muscus"
"850","muslimadharmas","muslimadharma","Masculine","2","イスラム教徒のダルマ","Muslim Dharmas"
"851","mūḍhas","mūḍha","Masculine","2","愚か者","Fools"
"852","mūṣakas","mūṣaka","Masculine","2","Mousecas","Mousecas"
"853","mūṣikas","mūṣika","Masculine","2","ラット","The rats"
"854","mṛgas","mṛga","Masculine","2","鹿","Deer"
"855","meghas","megha","Masculine","2","雲","Clouds"
"856","meḍhrajas","meḍhraja","Masculine","2","Medhrajas","Medhrajas"
"857","meṇḍhras","meṇḍhra","Masculine","2","メンドラス","Mendhras"
"858","medhas","medha","Masculine","2","メダス","Medhas"
"859","merudaṇḍas","merudaṇḍa","Masculine","2","脊髄","The spinal cord"
"860","meṣas","meṣa","Masculine","2","アリエス","Aries"
"861","mehas","meha","Masculine","2","Mehs","Mehs"
"862","mohas","moha","Masculine","2","モース","Mohs"
"863","mlecchas","mleccha","Masculine","2","Mlecchas","Mlecchas"
"864","yas","ya","Masculine","2","努力","strive"
"865","yakṣmas","yakṣma","Masculine","2","結核","Tuberculosis"
"866","yajñas","yajña","Masculine","2","Yajnas","Yajnas"
"867","yatnas","yatna","Masculine","2","ヤトナス","Yatnas"
"868","yamas","yama","Masculine","2","ヤマ","Yamas"
"869","yavas","yava","Masculine","2","オオムギ","Barley"
"870","yavanadharmas","yavanadharma","Masculine","2","ヤバナダルマ","Yavanadharmas"
"871","yahvas","yahva","Masculine","2","ヤーウェ","Yahweh"
"872","yāgas","yāga","Masculine","2","ヤガス","Yagas"
"873","yābhas","yābha","Masculine","2","Yabhas","Yabhas"
"874","yāmas","yāma","Masculine","2","ヤマ","Yamas"
"875","yudhmas","yudhma","Masculine","2","ユドマス","Yudhmas"
"876","yuvanas","yuvana","Masculine","2","ユヴァンス","Yuvans"
"877","yūthas","yūtha","Masculine","2","若者","Youths"
"878","yūṣas","yūṣa","Masculine","2","ユーシャ","Yushas"
"879","yogas","yoga","Masculine","2","ヨガ","Yogas"
"880","yogakṣemas","yogakṣema","Masculine","2","ヨガクシェマス","Yogakshemas"
"881","yogyas","yogya","Masculine","2","Yogyas","Yogyas"
"882","rakāras","rakāra","Masculine","2","ラカラス","Rakaras"
"883","raṅgas","raṅga","Masculine","2","鳴った","Rangs"
"884","raṇḍas","raṇḍa","Masculine","2","ランド","Rands"
"885","rathas","ratha","Masculine","2","ラサス","Rathas"
"886","ramajānas","ramajāna","Masculine","2","ラマダン","Ramadan"
"887","ramajānamāsas","ramajānamāsa","Masculine","2","ラマダンの月","The month of Ramadan"
"888","rasas","rasa","Masculine","2","ラサス","Rasas"
"889","rasagolas","rasagola","Masculine","2","ラスゴラス","Rasgolas"
"890","rasāyanajñas","rasāyanajña","Masculine","2","化学者","Chemists"
"891","rākṣasas","rākṣasa","Masculine","2","モンスター","The monsters"
"892","rāgas","rāga","Masculine","2","ラガス","Ragas"
"893","rājaputras","rājaputra","Masculine","2","王子たち","The princes"
"894","rājamāṣas","rājamāṣa","Masculine","2","ラジャマシャス","Rajamashas"
"895","rāmacandras","rāmacandra","Masculine","2","ラマチャンドラス","Ramachandras"
"896","rāmarājyas","rāmarājya","Masculine","2","Ramrajyas","Ramrajyas"
"897","rudrākṣas","rudrākṣa","Masculine","2","Rudrakshas","Rudrakshas"
"898","rephas","repha","Masculine","2","参照","Refs"
"899","rebhas","rebha","Masculine","2","Rebs","Rebs"
"900","reṣas","reṣa","Masculine","2","Reshas","Reshas"
"901","rokas","roka","Masculine","2","Roks","Roks"
"902","rocas","roca","Masculine","2","ロシャス","Rochas"
"903","rodhas","rodha","Masculine","2","ダム","dam"
"904","romanthas","romantha","Masculine","2","ロマンサス","Romanthus"
"905","roṣas","roṣa","Masculine","2","Roshas","Roshas"
"906","rohitas","rohita","Masculine","2","Rohits","Rohits"
"907","laṇḍras","laṇḍra","Masculine","2","ランドラス","Landras"
"908","lambas","lamba","Masculine","2","子羊","Lambs"
"909","lambhas","lambha","Masculine","2","子羊","Lambs"
"910","lābhas","lābha","Masculine","2","利点","Benefits"
"911","lokas","loka","Masculine","2","軌跡","Locus"
"912","lopas","lopa","Masculine","2","ループ","Lops"
"913","lopāśas","lopāśa","Masculine","2","ロパシャ","Lopashas"
"914","lobhas","lobha","Masculine","2","貪欲","greed"
"915","lolas","lola","Masculine","2","笑","Lols"
"916","lohitas","lohita","Masculine","2","Lohitas","Lohits"
"917","vaṃśas","vaṃśa","Masculine","2","ヴァンシャ","Vanshas"
"918","vaṅganas","vaṅgana","Masculine","2","ヴァンガンズ","Vangans"
"919","vaṅgāladeśas","vaṅgāladeśa","Masculine","2","ベンガル","Bengal"
"920","vajrahastas","vajrahasta","Masculine","2","Vajrahastas","Vajrahastas"
"921","vatsalas","vatsala","Masculine","2","Vatsalas","Vatsalas"
"922","vadhas","vadha","Masculine","2","ヴァダス","Vadhas"
"923","varas","vara","Masculine","2","バラス","Varas"
"924","varāhas","varāha","Masculine","2","バラハス","Varahas"
"925","varuṇas","varuṇa","Masculine","2","ヴァルナ","Varunas"
"926","vargas","varga","Masculine","2","バルガス","Vargas"
"927","varṇas","varṇa","Masculine","2","ヴァルナス","Varnas"
"928","valas","vala","Masculine","2","ヴァラス","Valas"
"929","valśas","valśa","Masculine","2","Walshes","Walshes"
"930","vasantas","vasanta","Masculine","2","スプリングス","Springs"
"931","vātas","vāta","Masculine","2","ヴァタス","Vatas"
"932","vātādas","vātāda","Masculine","2","ヴァタダス","Vatadas"
"933","vādas","vāda","Masculine","2","ヴァダス","Vadas"
"934","vānaras","vānara","Masculine","2","サル","The monkeys"
"935","vālas","vāla","Masculine","2","ウォレス","Wallace"
"936","vāhas","vāha","Masculine","2","ワウ","Wahs"
"937","vikalpas","vikalpa","Masculine","2","オプション","Options"
"938","vikāsas","vikāsa","Masculine","2","開発","Developments"
"939","vigrahas","vigraha","Masculine","2","ビグラハス","Vigrahas"
"940","vighnas","vighna","Masculine","2","Vighnas","Vighnas"
"941","vicchedas","viccheda","Masculine","2","分離","Disjunctions"
"942","vidāhas","vidāha","Masculine","2","Vidahas","Vidahas"
"943","vidyālayas","vidyālaya","Masculine","2","学校","Schools"
"944","vinimayas","vinimaya","Masculine","2","交換","Exchanges"
"945","vinītas","vinīta","Masculine","2","Vineetas","Vineetas"
"946","virocanas","virocana","Masculine","2","Virochanas","Virochanas"
"947","virodhālaṃkāras","virodhālaṃkāra","Masculine","2","矛盾するレトリック","contradictory rhetoric"
"948","viśvāsas","viśvāsa","Masculine","2","ヴィシュワス","Vishwass"
"949","viṣayas","viṣaya","Masculine","2","科目","Subjects"
"950","visargas","visarga","Masculine","2","Visargas","Visargas"
"951","vihāras","vihāra","Masculine","2","ビハラス","Viharas"
"952","vīras","vīra","Masculine","2","Veers","Veers"
"953","vṛkas","vṛka","Masculine","2","オオカミ","The wolf"
"954","vṛkkas","vṛkka","Masculine","2","腎臓","Kidneys"
"955","vṛkṣas","vṛkṣa","Masculine","2","木","trees"
"956","vṛścikas","vṛścika","Masculine","2","蠍座","Scorpios"
"957","vṛṣabhas","vṛṣabha","Masculine","2","トーラス","Taurus"
"958","vegas","vega","Masculine","2","ベガス","Vegas"
"959","veṭas","veṭa","Masculine","2","獣医","Vets"
"960","vedas","veda","Masculine","2","ヴェダス","Vedas"
"961","veṣas","veṣa","Masculine","2","Veshas","Veshas"
"962","vaidehas","vaideha","Masculine","2","Vaidehas","Vaidehas"
"963","vaidyas","vaidya","Masculine","2","Vaidyas","Vaidyas"
"964","vaiṣṇavas","vaiṣṇava","Masculine","2","Vaishnavas","Vaishnavas"
"965","vyavahāras","vyavahāra","Masculine","2","行動","Behaviors"
"966","vyāghras","vyāghra","Masculine","2","虎","The tigers"
"967","vyānas","vyāna","Masculine","2","Vyanas","Vyanas"
"968","vyāyāmas","vyāyāma","Masculine","2","演習","Exercises"
"969","śaṃsas","śaṃsa","Masculine","2","シャンサス","Shansas"
"970","śakas","śaka","Masculine","2","シャカス","Shakas"
"971","śakamuruṇḍas","śakamuruṇḍa","Masculine","2","シャカムルンダス","Shakamurundas"
"972","śakras","śakra","Masculine","2","シャクラ","Shakras"
"973","śatas","śata","Masculine","2","シャタス","Shatas"
"974","śapathas","śapatha","Masculine","2","シャパサス","Shapathas"
"975","śaphas","śapha","Masculine","2","シャフ","Shafs"
"976","śapharas","śaphara","Masculine","2","シャファー","Shaffers"
"977","śabdas","śabda","Masculine","2","シャブダス","Shabdas"
"978","śabdakośas","śabdakośa","Masculine","2","辞書","Dictionaries"
"979","śabdālaṃkāras","śabdālaṃkāra","Masculine","2","ワードレトリック","Word rhetoric"
"980","śamas","śama","Masculine","2","シャマス","Shamas"
"981","śambas","śamba","Masculine","2","シャンバ","Shambas"
"982","śaras","śara","Masculine","2","シャラス","Sharas"
"983","śarabhas","śarabha","Masculine","2","シャラバ","Sharabhas"
"984","śardhas","śardha","Masculine","2","シャーダス","Shardhas"
"985","śarmaṇyadeśas","śarmaṇyadeśa","Masculine","2","Sharmanyades","Sharmanyades"
"986","śalyakāras","śalyakāra","Masculine","2","外科医","Surgeons"
"987","śaśas","śaśa","Masculine","2","シャシャ","Shashas"
"988","śaśakas","śaśaka","Masculine","2","シャシャカス","Shashakas"
"989","śāktas","śākta","Masculine","2","シャクタス","Shaktas"
"990","śāpas","śāpa","Masculine","2","シャパス","Shapas"
"991","śābdikas","śābdika","Masculine","2","文字通り","literally"
"992","śārdūlas","śārdūla","Masculine","2","Sharduls","Sharduls"
"993","śālas","śāla","Masculine","2","シャラス","Shalas"
"994","śālivāhanas","śālivāhana","Masculine","2","Shalivahanas","Shalivahanas"
"995","śāvakas","śāvaka","Masculine","2","シャバカス","Shavakas"
"996","śikṣakas","śikṣaka","Masculine","2","教師","Teachers"
"997","śikharas","śikhara","Masculine","2","シハール","Shikhars"
"998","śiphas","śipha","Masculine","2","シフス","Shiffs"
"999","śiras","śira","Masculine","2","シラス","Shiras"
"1000","śiraḥpaṭṭas","śiraḥpaṭṭa","Masculine","2","ヘッドバンド","Headbands"
"1001","śilālekhas","śilālekha","Masculine","2","碑文","Inscriptions"
"1002","śiśnadevas","śiśnadeva","Masculine","2","Shishnadevas","Shishnadevas"
"1003","śiṣyas","śiṣya","Masculine","2","弟子たち","The disciples"
"1004","śunakas","śunaka","Masculine","2","シュンカス","Shunkas"
"1005","śūras","śūra","Masculine","2","シュラス","Shuras"
"1006","śūlas","śūla","Masculine","2","シュラス","Shulas"
"1007","śṛṅkhalas","śṛṅkhala","Masculine","2","チェーン","The chains"
"1008","śepas","śepa","Masculine","2","形","Shapes"
"1009","śephas","śepha","Masculine","2","シェフ","Chefs"
"1010","śaimbyas","śaimbya","Masculine","2","シャンビー","Shambys"
"1011","śaivas","śaiva","Masculine","2","Shaivas","Shaivas"
"1012","śokas","śoka","Masculine","2","ショカス","Shokas"
"1013","śothas","śotha","Masculine","2","炎症","Inflammation"
"1014","śodhakas","śodhaka","Masculine","2","研究者","Researchers"
"1015","śyāmas","śyāma","Masculine","2","Shyamas","Shyamas"
"1016","śyenas","śyena","Masculine","2","Shyenas","Shyenas"
"1017","śrīnivāsas","śrīnivāsa","Masculine","2","Srinivasa","Srinivasa"
"1018","ślokas","śloka","Masculine","2","詩","Verses"
"1019","śvaśuras","śvaśura","Masculine","2","義父","father-in-law"
"1020","śvānas","śvāna","Masculine","2","白鳥","Swans"
"1021","śvāsas","śvāsa","Masculine","2","呼吸","Breathing"
"1022","śvitras","śvitra","Masculine","2","Svitras","Svitras"
"1023","ṣakāras","ṣakāra","Masculine","2","skaras","skaras"
"1024","ṣaṇmāsas","ṣaṇmāsa","Masculine","2","六ヶ月","Six months"
"1025","saṃkalpas","saṃkalpa","Masculine","2","サンカルパス","Sankalpas"
"1026","saṃcārakas","saṃcāraka","Masculine","2","コミュニケーター","Communicators"
"1027","saṃcālakas","saṃcālaka","Masculine","2","オペレーター","Operators"
"1028","saṃjayas","saṃjaya","Masculine","2","サンジャヤス","Sanjayas"
"1029","saṃtoṣas","saṃtoṣa","Masculine","2","サントッシュ","Santoshs"
"1030","saṃdeśas","saṃdeśa","Masculine","2","メッセージ","Messages"
"1031","saṃdehas","saṃdeha","Masculine","2","サンデス","Sandhes"
"1032","saṃbhogas","saṃbhoga","Masculine","2","オルガスム","orgasms"
"1033","saṃyamas","saṃyama","Masculine","2","サムヤマス","Samyamas"
"1034","saṃyogas","saṃyoga","Masculine","2","偶然","Coincidences"
"1035","saṃvatsaras","saṃvatsara","Masculine","2","Samvatsaras","Samvatsaras"
"1036","saṃvegas","saṃvega","Masculine","2","サンベガス","Sanvegas"
"1037","saṃsāras","saṃsāra","Masculine","2","サンサラス","Sansaras"
"1038","saṃskṛtajñas","saṃskṛtajña","Masculine","2","サンスクリット学者","Sanskrit scholars"
"1039","sakāras","sakāra","Masculine","2","サカラス","Sakaras"
"1040","sagarbhyas","sagarbhya","Masculine","2","Sagarbhyas","Sagarbhyas"
"1041","saṅgas","saṅga","Masculine","2","サンガス","Sangas"
"1042","saṅghas","saṅgha","Masculine","2","サンガス","Sanghas"
"1043","sadasyas","sadasya","Masculine","2","メンバー","Members"
"1044","sadāśivas","sadāśiva","Masculine","2","Sadashivas","Sadashivas"
"1045","sanas","sana","Masculine","2","サンズ","Suns"
"1046","saptāhas","saptāha","Masculine","2","数週間","Weeks"
"1047","samakāras","samakāra","Masculine","2","サンカラス","Samkaras"
"1048","samayas","samaya","Masculine","2","サマヤ","Samayas"
"1049","samājas","samāja","Masculine","2","社会","Societies"
"1050","samāveśas","samāveśa","Masculine","2","包含物","Inclusions"
"1051","samāsas","samāsa","Masculine","2","化合物","Compounds"
"1052","samūhas","samūha","Masculine","2","グループ","Groups"
"1053","samoṣas","samoṣa","Masculine","2","サモシャ","Samoshas"
"1054","sambhogas","sambhoga","Masculine","2","サンボガス","Sambhogas"
"1055","sarmas","sarma","Masculine","2","サーマス","Sarmas"
"1056","sarṣapas","sarṣapa","Masculine","2","カラシの種子","mustard seeds"
"1057","savas","sava","Masculine","2","Savs","Savs"
"1058","savyas","savya","Masculine","2","サヴィアス","Savyas"
"1059","sasas","sasa","Masculine","2","サス","Sass"
"1060","sahavāsas","sahavāsa","Masculine","2","同棲","cohabitation"
"1061","sahasranetras","sahasranetra","Masculine","2","Sahasranetras","Sahasranetras"
"1062","sāṃvādikas","sāṃvādika","Masculine","2","Sanvadikas","Sanvadikas"
"1063","sāṇḍas","sāṇḍa","Masculine","2","サンズ","Sands"
"1064","sādas","sāda","Masculine","2","サダス","Sadas"
"1065","sāmavedas","sāmaveda","Masculine","2","サマベダス","Samavedas"
"1066","sārthas","sārtha","Masculine","2","サルサス","Sarthas"
"1067","sāhityas","sāhitya","Masculine","2","文学","Literatures"
"1068","siṃhas","siṃha","Masculine","2","シン","Singhs"
"1069","sugandhas","sugandha","Masculine","2","スガンダス","Sugandhas"
"1070","suparṇas","suparṇa","Masculine","2","スパルナス","Suparnas"
"1071","suras","sura","Masculine","2","スラス","Suras"
"1072","surādhipas","surādhipa","Masculine","2","スラディパス","Suradhipas"
"1073","sūkaras","sūkara","Masculine","2","スカース","Sukars"
"1074","sūdas","sūda","Masculine","2","Soods","Soods"
"1075","sūpas","sūpa","Masculine","2","スープ","Soups"
"1076","sūras","sūra","Masculine","2","スラス","Suras"
"1077","sūryas","sūrya","Masculine","2","太陽","The suns"
"1078","sṛkas","sṛka","Masculine","2","スリカス","Srikas"
"1079","sṛgālas","sṛgāla","Masculine","2","キツネ","Foxes"
"1080","sekas","seka","Masculine","2","セックス","Sex"
"1081","somas","soma","Masculine","2","月曜日","Mondays"
"1082","solluṇṭhas","solluṇṭha","Masculine","2","Sollunthas","Sollunthas"
"1083","saucikas","saucika","Masculine","2","Sauchiks","Sauchiks"
"1084","skandhas","skandha","Masculine","2","スカンダス","Skandhas"
"1085","skambhas","skambha","Masculine","2","スカンバ","Scambas"
"1086","stanas","stana","Masculine","2","スタンズ","Stans"
"1087","stambhas","stambha","Masculine","2","列","Columns"
"1088","staras","stara","Masculine","2","レベル","Levels"
"1089","stenas","stena","Masculine","2","汚れ","Stains"
"1090","stomas","stoma","Masculine","2","ストーマ","Stomas"
"1091","sthūras","sthūra","Masculine","2","Sthuras","Sthuras"
"1092","snātas","snāta","Masculine","2","スナタ","Snatas"
"1093","spṛṣṭas","spṛṣṭa","Masculine","2","触れた","Touched"
"1094","sphoṭas","sphoṭa","Masculine","2","爆発","Explosions"
"1095","smaras","smara","Masculine","2","スマラス","Smaras"
"1096","smeras","smera","Masculine","2","塗抹標本","Smears"
"1097","syūtas","syūta","Masculine","2","スーツ","Suits"
"1098","sravas","srava","Masculine","2","スラバス","Sravas"
"1099","svapnas","svapna","Masculine","2","Swapnas","Swapnas"
"1100","svaras","svara","Masculine","2","声","Voices"
"1101","svargas","svarga","Masculine","2","天国","Heavens"
"1102","svādas","svāda","Masculine","2","フレーバー","Flavors"
"1103","svārthas","svārtha","Masculine","2","スワルタ","Swarthas"
"1104","svedas","sveda","Masculine","2","汗","Sweats"
"1105","svedakas","svedaka","Masculine","2","セーター","Sweaters"
"1106","haṃsas","haṃsa","Masculine","2","ハンス","Hanss"
"1107","haṭhas","haṭha","Masculine","2","ハサス","Hathas"
"1108","haṭhayogas","haṭhayoga","Masculine","2","ハサヨガ","Hatha Yogas"
"1109","hayas","haya","Masculine","2","ヘイズ","Hayes"
"1110","hariṇas","hariṇa","Masculine","2","ハリナス","Harinas"
"1111","haritas","harita","Masculine","2","ハリタス","Haritas"
"1112","harṣas","harṣa","Masculine","2","ハーシャ","Harshas"
"1113","halas","hala","Masculine","2","ハルス","Hals"
"1114","hastas","hasta","Masculine","2","ヘイスト","Hasts"
"1115","hastamaithunas","hastamaithuna","Masculine","2","オナニー","Masturbation"
"1116","hālas","hāla","Masculine","2","ハルス","Hals"
"1117","hāsas","hāsa","Masculine","2","ハス","Hass"
"1118","hiṃsras","hiṃsra","Masculine","2","暴力的","Violent"
"1119","himālayas","himālaya","Masculine","2","ヒマラヤ","Himalayas"
"1120","hiras","hira","Masculine","2","雇用者","Hirs"
"1121","hīkas","hīka","Masculine","2","何週間","Heeks"
"1122","hūṇas","hūṇa","Masculine","2","フナス","Hunas"
"1123","heḍas","heḍa","Masculine","2","ハデス","Hades"
"1124","hemantas","hemanta","Masculine","2","ヘマンタス","Hemantas"
"1125","hel̤as","hel̤a","Masculine","2","ヘラス","Helas"
"1126","hoḍas","hoḍa","Masculine","2","Hodes","Hodes"
"1127","homas","homa","Masculine","2","ホームズ","Holmes"
"1128","hrasvas","hrasva","Masculine","2","短い","Short"
"1129","hvāras","hvāra","Masculine","2","Hvars","Hvars"
"1130","hvāryas","hvārya","Masculine","2","Hvarys","Hvarys"
"1131","aṃsatram","aṃsatra","Neuter","2","アンサトラム","Ansatram"
"1132","aṃsapṛṣṭham","aṃsapṛṣṭha","Neuter","2","肩の後ろ","The back of the shoulder"
"1133","aṃsaphalakam","aṃsaphalaka","Neuter","2","ショルダープレート","The shoulder plate"
"1134","akam","aka","Neuter","2","Akam","Akam"
"1135","agham","agha","Neuter","2","アガム","Agham"
"1136","aṅganam","aṅgana","Neuter","2","中庭","The courtyard"
"1137","aṅgamardanam","aṅgamardana","Neuter","2","手足のマッサージ","massage of the limbs"
"1138","atalam","atala","Neuter","2","底なし","bottomless"
"1139","atītam","atīta","Neuter","2","過去","The past"
"1140","adākṣiṇyam","adākṣiṇya","Neuter","2","親切","Inkindness"
"1141","adhikam","adhika","Neuter","2","それ以上","More than that"
"1142","anāmayam","anāmaya","Neuter","2","不健康","Unhealthy"
"1143","anindriyam","anindriya","Neuter","2","無感覚","Insensible"
"1144","anunāsikam","anunāsika","Neuter","2","鼻","The nasal"
"1145","antaram","antara","Neuter","2","違い","The difference"
"1146","antarjālam","antarjāla","Neuter","2","インターネット","The Internet"
"1147","antram","antra","Neuter","2","腸","The intestine"
"1148","annam","anna","Neuter","2","食べ物","Food"
"1149","apatyam","apatya","Neuter","2","子供","The child"
"1150","apadravyam","apadravya","Neuter","2","廃棄物","The waste material"
"1151","apasarjanam","apasarjana","Neuter","2","除外","The exclusion"
"1152","abhadram","abhadra","Neuter","2","それは失礼です","It's rude"
"1153","abhayāraṇyam","abhayāraṇya","Neuter","2","聖域","The sanctuary"
"1154","abhidhānam","abhidhāna","Neuter","2","アビダナム","Abhidhanam"
"1155","amedhyam","amedhya","Neuter","2","汚れています","It’s unclean"
"1156","ambaram","ambara","Neuter","2","空","The sky"
"1157","ayanam","ayana","Neuter","2","あやな","Ayana"
"1158","ayutam","ayuta","Neuter","2","アユタム","Ayutam"
"1159","araṇyam","araṇya","Neuter","2","森","The forest"
"1160","arjanam","arjana","Neuter","2","収益","Earnings"
"1161","ardham","ardha","Neuter","2","その半分","Half of it"
"1162","ardhakam","ardhaka","Neuter","2","その半分","Half of it"
"1163","arpaṇam","arpaṇa","Neuter","2","募集","Offering"
"1164","alam","ala","Neuter","2","アラム","Alam"
"1165","alābukam","alābuka","Neuter","2","アラブカム","Alabukam"
"1166","avadhāraṇam","avadhāraṇa","Neuter","2","概念化","Conceptualization"
"1167","astam","asta","Neuter","2","日の入り","The sunset"
"1168","astitvam","astitva","Neuter","2","存在","Existence"
"1169","astram","astra","Neuter","2","武器","The weapon"
"1170","āgāram","āgāra","Neuter","2","デポ","The depot"
"1171","āñchanam","āñchana","Neuter","2","アンチャナム","Anchhanam"
"1172","ātmanepadam","ātmanepada","Neuter","2","アトマネパダム","The atmanepadam"
"1173","ādhānam","ādhāna","Neuter","2","注入","Infusion"
"1174","ādhikam","ādhika","Neuter","2","それ以上","More than that"
"1175","āpīnam","āpīna","Neuter","2","アピナム","Apinam"
"1176","āmreḍitam","āmreḍita","Neuter","2","アムレディタム","Amreditam"
"1177","āyātam","āyāta","Neuter","2","インポート","Imported"
"1178","āyuṣam","āyuṣa","Neuter","2","アユッシュ","Ayush"
"1179","ārogyam","ārogya","Neuter","2","健康","health"
"1180","ālasyam","ālasya","Neuter","2","怠惰","Idleness"
"1181","āliṅganam","āliṅgana","Neuter","2","抱擁","hug"
"1182","āsanam","āsana","Neuter","2","座席","The seat"
"1183","āharaṇam","āharaṇa","Neuter","2","撤退","Withdrawal"
"1184","iṅganam","iṅgana","Neuter","2","インガナム","Inganam"
"1185","utkaṭaduḥkham","utkaṭaduḥkha","Neuter","2","極度の苦しみ","Extreme suffering"
"1186","uttaram","uttara","Neuter","2","答え","answer"
"1187","uttarādharam","uttarādhara","Neuter","2","後者","The latter"
"1188","uttarādharavivaram","uttarādharavivara","Neuter","2","後者の唇の空洞","The latter lip cavity"
"1189","utthānam","utthāna","Neuter","2","隆起","The uplift"
"1190","utpalam","utpala","Neuter","2","蓮","The lotus"
"1191","udakam","udaka","Neuter","2","水が源です","Water is the source"
"1192","udaram","udara","Neuter","2","腹部","The abdomen"
"1193","udāharaṇam","udāharaṇa","Neuter","2","例","Example"
"1194","udyānam","udyāna","Neuter","2","庭","The garden"
"1195","udvartanam","udvartana","Neuter","2","ウドヴァルタナ","Udvartana"
"1196","upakaraṇam","upakaraṇa","Neuter","2","装置","equipment"
"1197","upadhānam","upadhāna","Neuter","2","ドレッシング","The dressing"
"1198","upanetram","upanetra","Neuter","2","サブアイ","The sub-eye"
"1199","upavanam","upavana","Neuter","2","サブフォレスト","The sub-forest"
"1200","upārjanam","upārjana","Neuter","2","収益","Earnings"
"1201","ulbam","ulba","Neuter","2","ウルバム","Ulbam"
"1202","ullāpanam","ullāpana","Neuter","2","ウラパナ","Ullapana"
"1203","ulvam","ulva","Neuter","2","Ulvm","Ulvm"
"1204","ūrdhvam","ūrdhva","Neuter","2","上向き","Upwards"
"1205","ṛṇam","ṛṇa","Neuter","2","借金","Debt"
"1206","aikyam","aikya","Neuter","2","団結","Unity"
"1207","aiśvaryam","aiśvarya","Neuter","2","富","wealth"
"1208","autsukyam","autsukya","Neuter","2","好奇心","Curiosity"
"1209","aupasthyam","aupasthya","Neuter","2","Aupasthya","Aupasthya"
"1210","auṣadham","auṣadha","Neuter","2","薬","The medicine"
"1211","kaṭhinatvam","kaṭhinatva","Neuter","2","困難","Difficulty"
"1212","kadalam","kadala","Neuter","2","バナナ","The banana"
"1213","kandukam","kanduka","Neuter","2","ボール","The ball"
"1214","karavastram","karavastra","Neuter","2","手布","hand cloth"
"1215","karigarjitam","karigarjita","Neuter","2","象が吠えた","The elephant roared"
"1216","karipattram","karipattra","Neuter","2","カレーの葉","The curry leaf"
"1217","karimaṇḍitam","karimaṇḍita","Neuter","2","カレーで飾られた","adorned with curry"
"1218","kariratam","karirata","Neuter","2","仕事をしている","doing the job"
"1219","kartavyam","kartavya","Neuter","2","それは行われるべきです","It should be done"
"1220","kalatram","kalatra","Neuter","2","妻","The wife"
"1221","kājam","kāja","Neuter","2","カジャム","Kajam"
"1222","kārakam","kāraka","Neuter","2","要因","The factor"
"1223","kāraṇam","kāraṇa","Neuter","2","理由","reason"
"1224","kārayānam","kārayāna","Neuter","2","車","car"
"1225","kārāgāram","kārāgāra","Neuter","2","刑務所","The prison"
"1226","kāryam","kārya","Neuter","2","仕事","work"
"1227","kāryānam","kāryāna","Neuter","2","作業は完了です","The work is done"
"1228","kuṅkumam","kuṅkuma","Neuter","2","サフラン","The saffron"
"1229","kuṭumbam","kuṭumba","Neuter","2","家族","The family"
"1230","kulatthakam","kulatthaka","Neuter","2","Kulatthakam","Kulatthakam"
"1231","kuśalam","kuśala","Neuter","2","大丈夫だよ","It's fine"
"1232","kṛcchram","kṛcchra","Neuter","2","トラブル","The trouble"
"1233","kṛtam","kṛta","Neuter","2","終わり","done"
"1234","kembukam","kembuka","Neuter","2","ケンブカム","Kembukam"
"1235","kravyam","kravya","Neuter","2","肉","The flesh"
"1236","kriyāviśeṣaṇam","kriyāviśeṣaṇa","Neuter","2","アクションの形容","Adjective of action"
"1237","krīḍāṅganam","krīḍāṅgana","Neuter","2","遊び場","The playground"
"1238","krītam","krīta","Neuter","2","購入した","Purchased"
"1239","kṣatram","kṣatra","Neuter","2","クシャトリヤ","Kshatriya"
"1240","kṣālanam","kṣālana","Neuter","2","すすぎ","Rinsing"
"1241","kṣīram","kṣīra","Neuter","2","ミルク","milk"
"1242","kṣetram","kṣetra","Neuter","2","分野","field"
"1243","kṣetranāmam","kṣetranāma","Neuter","2","フィールド名","The field name"
"1244","khananam","khanana","Neuter","2","マイニング","Mining"
"1245","khanitram","khanitra","Neuter","2","鉱夫","The miner"
"1246","khānam","khāna","Neuter","2","カナム","Khanam"
"1247","khelanam","khelana","Neuter","2","と遊んでいる","Playing with"
"1248","khyātam","khyāta","Neuter","2","有名","Famous"
"1249","gaṇitam","gaṇita","Neuter","2","数学","Mathematics"
"1250","gamanam","gamana","Neuter","2","行く","going"
"1251","garbhadhāraṇam","garbhadhāraṇa","Neuter","2","妊娠","Pregnancy"
"1252","gātram","gātra","Neuter","2","体","The body"
"1253","gānam","gāna","Neuter","2","歌う","Singing"
"1254","gṛñjanam","gṛñjana","Neuter","2","うめき声","Grunting"
"1255","gokulam","gokula","Neuter","2","ゴクラム","Gokulam"
"1256","grathanam","grathana","Neuter","2","グラタナム","Grathanam"
"1257","ghṛtam","ghṛta","Neuter","2","バター","Butter"
"1258","caritram","caritra","Neuter","2","キャラクター","Character"
"1259","cāturyam","cāturya","Neuter","2","賢さ","Cleverness"
"1260","cikkaṇam","cikkaṇa","Neuter","2","滑らかさ","Smoothness"
"1261","citram","citra","Neuter","2","写真","Picture"
"1262","cumbanam","cumbana","Neuter","2","キス","Kissing"
"1263","chattram","chattra","Neuter","2","傘","The umbrella"
"1264","chatram","chatra","Neuter","2","傘","The umbrella"
"1265","chalam","chala","Neuter","2","不正行為","Cheating"
"1266","chidram","chidra","Neuter","2","穴","The hole"
"1267","jaṅgalam","jaṅgala","Neuter","2","ジャングル","The jungle"
"1268","jananam","janana","Neuter","2","世代","Generation"
"1269","jānam","jāna","Neuter","2","知っている","I know"
"1270","jābālipuram","jābālipura","Neuter","2","ジャバリプラム","Jabalipuram"
"1271","jālapṛṣṭham","jālapṛṣṭha","Neuter","2","ウェブページ","The web page"
"1272","jīvitam","jīvita","Neuter","2","生活","Living"
"1273","juṣṭam","juṣṭa","Neuter","2","ジュシュタム","Jushtam"
"1274","jñānam","jñāna","Neuter","2","知識","knowledge"
"1275","jyāyastvam","jyāyastva","Neuter","2","あなたの方がいい","You're better"
"1276","ḍīnam","ḍīna","Neuter","2","ディーン","The Dean"
"1277","takram","takra","Neuter","2","タクラム","Takram"
"1278","takvam","takva","Neuter","2","タクバム","Takvam"
"1279","tanam","tana","Neuter","2","タナム","Tanam"
"1280","tantram","tantra","Neuter","2","システム","The system"
"1281","taptam","tapta","Neuter","2","加熱","Heated"
"1282","tamisram","tamisra","Neuter","2","タミスラム","Tamisram"
"1283","talātalam","talātala","Neuter","2","タラタラ","Talatala"
"1284","tavasyam","tavasya","Neuter","2","タヴァシャム","Tavasyam"
"1285","tāmram","tāmra","Neuter","2","銅","Copper"
"1286","tālakam","tālaka","Neuter","2","タラカム","Talakam"
"1287","tuccham","tuccha","Neuter","2","些細な","Trivial"
"1288","tumulam","tumula","Neuter","2","トゥムラム","Tumulam"
"1289","turaspeyam","turaspeya","Neuter","2","Turspeym","Turspeym"
"1290","tṛṇam","tṛṇa","Neuter","2","草","The grass"
"1291","tailam","taila","Neuter","2","油","Oil"
"1292","toyam","toya","Neuter","2","トヤム","Toyam"
"1293","trāṇam","trāṇa","Neuter","2","救い","Salvation"
"1294","tvaritam","tvarita","Neuter","2","素早く","Quickly"
"1295","dantagharṣaṇam","dantagharṣaṇa","Neuter","2","歯磨き","Brushing teeth"
"1296","darśanam","darśana","Neuter","2","ダルシャナム","Darshanam"
"1297","dākṣiṇyam","dākṣiṇya","Neuter","2","正義","The righteousness"
"1298","dānam","dāna","Neuter","2","チャリティー","Charity"
"1299","dāridram","dāridra","Neuter","2","貧しい","The poor"
"1300","dāridryam","dāridrya","Neuter","2","貧困","Poverty"
"1301","dāruṇam","dāruṇa","Neuter","2","それはひどいです","It's terrible"
"1302","diṅmukham","diṅmukha","Neuter","2","uxmukham","uxmukham"
"1303","duḥkham","duḥkha","Neuter","2","苦しむ","Suffering"
"1304","dugdham","dugdha","Neuter","2","牛乳","Milk"
"1305","dugdhāgram","dugdhāgra","Neuter","2","ミルクチップ","Milk tip"
"1306","duroṇam","duroṇa","Neuter","2","デュロナ","Durona"
"1307","duryoṇam","duryoṇa","Neuter","2","デュリオナム","Duryonam"
"1308","dūram","dūra","Neuter","2","遠い","far"
"1309","dūratvam","dūratva","Neuter","2","距離","distance"
"1310","dūrīkaraṇam","dūrīkaraṇa","Neuter","2","除去","Removal"
"1311","dṛḍham","dṛḍha","Neuter","2","しっかりと","Firmly"
"1312","dyūtam","dyūta","Neuter","2","ギャンブル","Gambling"
"1313","drupadam","drupada","Neuter","2","ドルパダ","Drupada"
"1314","dvāram","dvāra","Neuter","2","ドア","The door"
"1315","dhanam","dhana","Neuter","2","お金","Money"
"1316","dharuṇam","dharuṇa","Neuter","2","ダルナム","Dharunam"
"1317","dhartram","dhartra","Neuter","2","ダートラム","Dhartram"
"1318","dharmacakram","dharmacakra","Neuter","2","宗教のサイクル","The cycle of religion"
"1319","dharmayuddham","dharmayuddha","Neuter","2","宗教の戦争","The War of Religion"
"1320","dhāneyakam","dhāneyaka","Neuter","2","シリアル","The cereal"
"1321","dhānyam","dhānya","Neuter","2","粒","grain"
"1322","dhāritam","dhārita","Neuter","2","所定の位置に保持","held in place"
"1323","dhīryam","dhīrya","Neuter","2","忍耐","Patience"
"1324","dhairyam","dhairya","Neuter","2","忍耐","Patience"
"1325","dhoritam","dhorita","Neuter","2","ドリタム","Dhoritam"
"1326","dhvāntam","dhvānta","Neuter","2","暗闇","Darkness"
"1327","naktam","nakta","Neuter","2","夜","The night"
"1328","nagaram","nagara","Neuter","2","都市","The city"
"1329","nabhyam","nabhya","Neuter","2","ナビヤム","Nabhyam"
"1330","namanam","namana","Neuter","2","従順","Obeisance"
"1331","navanītam","navanīta","Neuter","2","新しく持ってきた","Newly brought"
"1332","nimnam","nimna","Neuter","2","低い","Low"
"1333","nirbhayam","nirbhaya","Neuter","2","大胆不敵に","Fearlessly"
"1334","nirvāṇam","nirvāṇa","Neuter","2","涅槃","Nirvana"
"1335","nīkṣaṇam","nīkṣaṇa","Neuter","2","ニクシャナ","Nikshana"
"1336","nīl̤am","nīl̤a","Neuter","2","青い","blue"
"1337","nṛmṇam","nṛmṇa","Neuter","2","Nrimnam","Nrimnam"
"1338","nekṣaṇam","nekṣaṇa","Neuter","2","ネクシャンム","Nekshanm"
"1339","nyūnam","nyūna","Neuter","2","低い","low"
"1340","pakvam","pakva","Neuter","2","調理済み","cooked"
"1341","pañcaśīlam","pañcaśīla","Neuter","2","5つの特徴","The five characteristics"
"1342","paṭhanam","paṭhana","Neuter","2","読む","Reading"
"1343","pattram","pattra","Neuter","2","葉","The leaf"
"1344","padam","pada","Neuter","2","用語","The term"
"1345","panasam","panasa","Neuter","2","パンサム","Pansam"
"1346","payohimam","payohima","Neuter","2","パヨヒマム","Payohimam"
"1347","parasmaipadam","parasmaipada","Neuter","2","代名詞","The pronoun"
"1348","pariṇītam","pariṇīta","Neuter","2","結婚","married"
"1349","parivartanam","parivartana","Neuter","2","変化する","Change"
"1350","parivartitam","parivartita","Neuter","2","かわった","Changed"
"1351","parṇam","parṇa","Neuter","2","葉","The leaf"
"1352","paryuṣitavākyam","paryuṣitavākya","Neuter","2","パリシタというフレーズ","The phrase paryushita"
"1353","palāyanam","palāyana","Neuter","2","エスケープ","Escape"
"1354","pātram","pātra","Neuter","2","キャラクター","The character"
"1355","pādatrāṇam","pādatrāṇa","Neuter","2","足の保護","Foot protection"
"1356","pādāṃśukam","pādāṃśuka","Neuter","2","履物","The footwear"
"1357","pādopadhānam","pādopadhāna","Neuter","2","履物","Footwear"
"1358","pānam","pāna","Neuter","2","飲酒","Drinking"
"1359","pānīyam","pānīya","Neuter","2","パニヤム","Paniyam"
"1360","puṃścihnam","puṃścihna","Neuter","2","男性的なサイン","The masculine sign"
"1361","pullam","pulla","Neuter","2","プラム","Pullam"
"1362","puṣpam","puṣpa","Neuter","2","お花","The flower"
"1363","pustakam","pustaka","Neuter","2","本","book"
"1364","pṛṣṭham","pṛṣṭha","Neuter","2","ページ","page"
"1365","pauṃsyam","pauṃsya","Neuter","2","Paunsyam","Paunsyam"
"1366","pauruṣam","pauruṣa","Neuter","2","パウルシャム","Paurusham"
"1367","pauṣṭikam","pauṣṭika","Neuter","2","栄養を与える","Nourishing"
"1368","pyāyanam","pyāyana","Neuter","2","飲酒","Drinking"
"1369","praügam","praüga","Neuter","2","プラウガム","Praugam"
"1370","prakṣālanam","prakṣālana","Neuter","2","洗浄","Washing"
"1371","prajñānam","prajñāna","Neuter","2","プラジナナム","Prajnanam"
"1372","pradūṣaṇam","pradūṣaṇa","Neuter","2","汚染","Pollution"
"1373","prāpyakam","prāpyaka","Neuter","2","売掛金","Receivable"
"1374","preṣaṇam","preṣaṇa","Neuter","2","送信","Sending"
"1375","phalakam","phalaka","Neuter","2","パネル","The panel"
"1376","phalanam","phalana","Neuter","2","関数","The function"
"1377","phullam","phulla","Neuter","2","フラム","Fullam"
"1378","bandhanam","bandhana","Neuter","2","ボンデージ","Bondage"
"1379","barjahyam","barjahya","Neuter","2","バルジャヒヤム","Barjahyam"
"1380","basayānam","basayāna","Neuter","2","バス","The bus"
"1381","bahutvam","bahutva","Neuter","2","複数性","Plurality"
"1382","bālyam","bālya","Neuter","2","子供時代","Childhood"
"1383","bilam","bila","Neuter","2","請求書","The bill"
"1384","bījam","bīja","Neuter","2","種子","The seed"
"1385","bukkanam","bukkana","Neuter","2","バッカンハム","Buckanham"
"1386","buddhīndriyam","buddhīndriya","Neuter","2","知性の感覚","The sense of intelligence"
"1387","bhajanam","bhajana","Neuter","2","バジャン","Bhajan"
"1388","bhayam","bhaya","Neuter","2","恐れ","fear"
"1389","bharaṇam","bharaṇa","Neuter","2","充填","filling"
"1390","bhartsanam","bhartsana","Neuter","2","叱責","Rebuke"
"1391","bhavitavyam","bhavitavya","Neuter","2","そのはず","It should be"
"1392","bhaviṣyam","bhaviṣya","Neuter","2","未来","The future"
"1393","bhājanam","bhājana","Neuter","2","容器","The vessel"
"1394","bhānam","bhāna","Neuter","2","バナム","Bhanam"
"1395","bhālam","bhāla","Neuter","2","バラム","Bhalam"
"1396","bhāṣitam","bhāṣita","Neuter","2","の話","spoken of"
"1397","bhittam","bhitta","Neuter","2","壁","The wall"
"1398","bhuvanam","bhuvana","Neuter","2","ブーバナム","Bhuvanam"
"1399","bhūtam","bhūta","Neuter","2","過去","The past"
"1400","bheṣajam","bheṣaja","Neuter","2","ベシャジャム","Bheshajam"
"1401","bhaiṣajyam","bhaiṣajya","Neuter","2","薬","The medicine"
"1402","bhramaṇam","bhramaṇa","Neuter","2","旅行","Traveling"
"1403","makṣikāmalam","makṣikāmala","Neuter","2","蜂の蓮","The bee lotus"
"1404","magham","magha","Neuter","2","マグハム","Magham"
"1405","madyam","madya","Neuter","2","アルコール","Alcohol"
"1406","madyapānam","madyapāna","Neuter","2","アルコールを飲む","Drinking alcohol"
"1407","madhyastham","madhyastha","Neuter","2","仲買人","The middleman"
"1408","mananam","manana","Neuter","2","熟考","Contemplation"
"1409","manogatam","manogata","Neuter","2","精神的に","mentally"
"1410","maraṇam","maraṇa","Neuter","2","死","Death"
"1411","mardanam","mardana","Neuter","2","粉砕","Crushing"
"1412","maṣipātram","maṣipātra","Neuter","2","インクポット","The ink pot"
"1413","maṣīpātram","maṣīpātra","Neuter","2","インクポット","The ink pot"
"1414","masipātram","masipātra","Neuter","2","インク溜め","The inkwell"
"1415","masīpātram","masīpātra","Neuter","2","インク溜め","The inkwell"
"1416","mahattvam","mahattva","Neuter","2","重要性","The importance"
"1417","māṃsam","māṃsa","Neuter","2","肉","Meat"
"1418","māṅgalikam","māṅgalika","Neuter","2","マンガリカム","Mangalikam"
"1419","mātram","mātra","Neuter","2","それだけ","only"
"1420","mātsaryam","mātsarya","Neuter","2","嫉妬","Jealousy"
"1421","māraṇam","māraṇa","Neuter","2","殺害","killing"
"1422","mālam","māla","Neuter","2","グッズ","The goods"
"1423","mīl̤ham","mīl̤ha","Neuter","2","Meelhm","Meelhm"
"1424","mukham","mukha","Neuter","2","顔","The face"
"1425","mudgaudanam","mudgaudana","Neuter","2","Mudgaudana","Mudgaudana"
"1426","mūtram","mūtra","Neuter","2","尿","Urine"
"1427","mūrchanam","mūrchana","Neuter","2","失神","fainting"
"1428","mūlam","mūla","Neuter","2","根っ子","The root"
"1429","mṛtam","mṛta","Neuter","2","死","Dead"
"1430","mṛtotthānam","mṛtotthāna","Neuter","2","死者の復活","The resurrection of the dead"
"1431","meḍhram","meḍhra","Neuter","2","骨盤","The pelvis"
"1432","maithunam","maithuna","Neuter","2","性交","Sexual intercourse"
"1433","maunam","mauna","Neuter","2","沈黙","Silence"
"1434","yajñopavītam","yajñopavīta","Neuter","2","Yajna Upavitam","Yajna Upavitam"
"1435","yantram","yantra","Neuter","2","この機械","The machine"
"1436","yātam","yāta","Neuter","2","ヤタム","Yatam"
"1437","yānam","yāna","Neuter","2","車両","The vehicle"
"1438","yuktam","yukta","Neuter","2","それは適切です","It is appropriate"
"1439","yugam","yuga","Neuter","2","時代","The age"
"1440","yugmam","yugma","Neuter","2","二つ","The pair"
"1441","yujyam","yujya","Neuter","2","それは適切です","It is appropriate"
"1442","yutam","yuta","Neuter","2","結合","combined"
"1443","yūnam","yūna","Neuter","2","ユナム","Yunam"
"1444","yoktram","yoktra","Neuter","2","ヨーク","The yoke"
"1445","yaunam","yauna","Neuter","2","セクシュアリティ","sexuality"
"1446","yauvanam","yauvana","Neuter","2","若々しさ","Youthfulness"
"1447","raktaphalam","raktaphala","Neuter","2","赤い果実","Red fruit"
"1448","randhram","randhra","Neuter","2","穴","The hole"
"1449","rasāyanam","rasāyana","Neuter","2","化学","Chemistry"
"1450","rājyam","rājya","Neuter","2","州","state"
"1451","rāmāyaṇam","rāmāyaṇa","Neuter","2","ラマヤナ","The Ramayana"
"1452","rārahāṇam","rārahāṇa","Neuter","2","ララハナム","Rarahanam"
"1453","rāśicakram","rāśicakra","Neuter","2","干支","The zodiac"
"1454","ripram","ripra","Neuter","2","リプラム","Ripram"
"1455","rugṇam","rugṇa","Neuter","2","患者","The patient"
"1456","rūpam","rūpa","Neuter","2","フォーム","The form"
"1457","raivatyam","raivatya","Neuter","2","Raivatyam","Raivatyam"
"1458","rocanam","rocana","Neuter","2","Rochanm","Rochanm"
"1459","lakṣaṇam","lakṣaṇa","Neuter","2","特徴","The characteristics"
"1460","laṇḍam","laṇḍa","Neuter","2","Landm","Landm"
"1461","layanam","layana","Neuter","2","リズム","Rhythm"
"1462","lalāṭam","lalāṭa","Neuter","2","おでこ","The forehead"
"1463","lāñchanam","lāñchana","Neuter","2","ランチャナ","Lanchana"
"1464","liṅgam","liṅga","Neuter","2","リンガム","Lingam"
"1465","liṅganam","liṅgana","Neuter","2","リンガナム","Linganam"
"1466","liṅgaśarīram","liṅgaśarīra","Neuter","2","リンガシャリラム","Lingashariram"
"1467","liṅgāgram","liṅgāgra","Neuter","2","リンガグラ","Lingagra"
"1468","luptam","lupta","Neuter","2","ない","Missing"
"1469","lekhanam","lekhana","Neuter","2","書き込み","Writing"
"1470","leṇḍam","leṇḍa","Neuter","2","レンドム","Lendm"
"1471","laiṅgam","laiṅga","Neuter","2","ランガム","Langam"
"1472","loptram","loptra","Neuter","2","ロプトラム","Loptram"
"1473","laulyam","laulya","Neuter","2","Loulyam","Loulyam"
"1474","vaktram","vaktra","Neuter","2","顔","The face"
"1475","vatsalam","vatsala","Neuter","2","ヴァツァラム","Vatsalam"
"1476","vadanam","vadana","Neuter","2","顔","The face"
"1477","vanam","vana","Neuter","2","森","The forest"
"1478","vapuṣam","vapuṣa","Neuter","2","体","The body"
"1479","vayanam","vayana","Neuter","2","ヴァヤナム","Vayanam"
"1480","vayunam","vayuna","Neuter","2","ヴァユナム","Vayunam"
"1481","vastram","vastra","Neuter","2","衣類","Clothing"
"1482","vasnam","vasna","Neuter","2","春","Spring"
"1483","vahitram","vahitra","Neuter","2","Vahitram","Vahitram"
"1484","vahyam","vahya","Neuter","2","持ち運び可能","Carryable"
"1485","vākyam","vākya","Neuter","2","文","The sentence"
"1486","vācanam","vācana","Neuter","2","読む","Reading"
"1487","vāṭaram","vāṭara","Neuter","2","水","Water"
"1488","vātāvaraṇam","vātāvaraṇa","Neuter","2","天気","weather"
"1489","vāyumaṇḍalam","vāyumaṇḍala","Neuter","2","雰囲気","The atmosphere"
"1490","vāhanam","vāhana","Neuter","2","車両","The vehicle"
"1491","vicitram","vicitra","Neuter","2","それは奇妙です","It's strange"
"1492","vijñānam","vijñāna","Neuter","2","理科","science"
"1493","vidāhakam","vidāhaka","Neuter","2","Vidahakam","Vidahakam"
"1494","viparivartanam","viparivartana","Neuter","2","逆転","The reversal"
"1495","vibhajanam","vibhajana","Neuter","2","分割","Division"
"1496","vibhājanam","vibhājana","Neuter","2","分割","Division"
"1497","vilakṣaṇam","vilakṣaṇa","Neuter","2","面白い","funny"
"1498","viśeṣaṇam","viśeṣaṇa","Neuter","2","注射剤","Adjectives"
"1499","vedanam","vedana","Neuter","2","痛み","The pain"
"1500","vaikalpikatvam","vaikalpikatva","Neuter","2","代替性","Alternativeness"
"1501","vyajanam","vyajana","Neuter","2","ファン","fan"
"1502","vyadhikaraṇam","vyadhikaraṇa","Neuter","2","承認","The authorization"
"1503","vratam","vrata","Neuter","2","ヴラタム","Vratam"
"1504","śatam","śata","Neuter","2","百","One hundred"
"1505","śayanam","śayana","Neuter","2","ベッド","The bed"
"1506","śayanāgāram","śayanāgāra","Neuter","2","ベッドルーム","The bedroom"
"1507","śarīram","śarīra","Neuter","2","体","The body"
"1508","śaṣpam","śaṣpa","Neuter","2","草","The grass"
"1509","śākapuṣpam","śākapuṣpa","Neuter","2","野菜の花","vegetable flower"
"1510","śāsanam","śāsana","Neuter","2","政府","Government"
"1511","śāstram","śāstra","Neuter","2","経典","The scripture"
"1512","śikyam","śikya","Neuter","2","可能です","It is possible"
"1513","śikṣaṇam","śikṣaṇa","Neuter","2","学ぶ","Learning"
"1514","śikharam","śikhara","Neuter","2","ピーク","The peak"
"1515","śiropadhānam","śiropadhāna","Neuter","2","ヘッドギア","Headgear"
"1516","śīrṣam","śīrṣa","Neuter","2","トップ","The top"
"1517","śuṅgam","śuṅga","Neuter","2","シュンガム","Shungam"
"1518","śuṣkaphalam","śuṣkaphala","Neuter","2","ドライフルーツ","Dried fruit"
"1519","śūnyam","śūnya","Neuter","2","ゼロ","Zero"
"1520","śaiśavam","śaiśava","Neuter","2","幼児期","Infancy"
"1521","śauryam","śaurya","Neuter","2","シャウリヤム","Shauryam"
"1522","śrotram","śrotra","Neuter","2","耳","The ear"
"1523","śromatam","śromata","Neuter","2","シュロマタム","Shromatam"
"1524","śvasitam","śvasita","Neuter","2","息を吐き出した","breathed out"
"1525","saṃkalanam","saṃkalana","Neuter","2","コンパイル","Compilation"
"1526","saṃkramaṇam","saṃkramaṇa","Neuter","2","遷移","Transition"
"1527","saṃgītam","saṃgīta","Neuter","2","音楽","The music"
"1528","saṃgrathanam","saṃgrathana","Neuter","2","コレクション","Collection"
"1529","saṃgranthanam","saṃgranthana","Neuter","2","コレクション","Collection"
"1530","saṃjñāpadam","saṃjñāpada","Neuter","2","名詞句","The noun phrase"
"1531","saṃlakṣaṇam","saṃlakṣaṇa","Neuter","2","症状","Symptoms"
"1532","saṃlayanam","saṃlayana","Neuter","2","融合","fusion"
"1533","saṃvardhanam","saṃvardhana","Neuter","2","強化","Enhancement"
"1534","saṃvahanam","saṃvahana","Neuter","2","対流","Convection"
"1535","sattram","sattra","Neuter","2","サトラ","Sattra"
"1536","satyam","satya","Neuter","2","真実","true"
"1537","samarpaṇam","samarpaṇa","Neuter","2","降伏","Surrender"
"1538","sarjanam","sarjana","Neuter","2","外科医","The surgeon"
"1539","sasyam","sasya","Neuter","2","作物","The crop"
"1540","sāṇḍam","sāṇḍa","Neuter","2","サンダム","Sandam"
"1541","sātam","sāta","Neuter","2","セブンス","Seventh"
"1542","sāphalyam","sāphalya","Neuter","2","正常に","Successfully"
"1543","sāmam","sāma","Neuter","2","サマム","Samam"
"1544","sāyaṃkālam","sāyaṃkāla","Neuter","2","夕方に","In the evening"
"1545","sunītam","sunīta","Neuter","2","スニタム","Sunitam"
"1546","sumnam","sumna","Neuter","2","サムナム","Sumnam"
"1547","suṣuptam","suṣupta","Neuter","2","Sushuptam","Sushuptam"
"1548","sūtikāgāram","sūtikāgāra","Neuter","2","マタニティ病棟","The maternity ward"
"1549","sūtikāgṛham","sūtikāgṛha","Neuter","2","マタニティ病棟","The maternity ward"
"1550","sūtram","sūtra","Neuter","2","式","The formula"
"1551","sairam","saira","Neuter","2","サイラム","Sairam"
"1552","saubhāgyam","saubhāgya","Neuter","2","幸運","Fortunately"
"1553","steyam","steya","Neuter","2","盗難","Theft"
"1554","sthānam","sthāna","Neuter","2","場所","place"
"1555","snānāgāram","snānāgāra","Neuter","2","バスルーム","The bathroom"
"1556","sphyam","sphya","Neuter","2","Sphym","Sphym"
"1557","smaraṇam","smaraṇa","Neuter","2","覚えている","Remembering"
"1558","srutam","sruta","Neuter","2","スルタム","Srutam"
"1559","svarāntaram","svarāntara","Neuter","2","母音の違い","The vowel difference"
"1560","svāgatam","svāgata","Neuter","2","ようこそ","welcome"
"1561","svedanam","svedana","Neuter","2","発汗","Sweating"
"1562","harmyam","harmya","Neuter","2","庵","The hermitage"
"1563","harṣaṇam","harṣaṇa","Neuter","2","喜び","Delight"
"1564","harṣitam","harṣita","Neuter","2","喜んで","Delighted"
"1565","havyam","havya","Neuter","2","ハビヤム","Havyam"
"1566","hastatalam","hastatala","Neuter","2","あなたの手のひら","The palm of your hand"
"1567","hastatrāṇam","hastatrāṇa","Neuter","2","手袋","gloves"
"1568","hārdam","hārda","Neuter","2","ハーダム","Hardam"
"1569","hāsyāspadam","hāsyāspada","Neuter","2","バカバカしい","It's ridiculous"
"1570","hikkitam","hikkita","Neuter","2","しゃっくり","Hiccup"
"1571","hindusthānam","hindusthāna","Neuter","2","ヒンドゥスタン","Hindustan"
"1572","hiraṇam","hiraṇa","Neuter","2","鹿","The deer"
"1573","hiraṇyam","hiraṇya","Neuter","2","金","Gold"
"1574","hutam","huta","Neuter","2","フータム","Hutam"
"1575","hṛdayam","hṛdaya","Neuter","2","心臓","heart"
"1576","aṃśukam","aṃśuka","Neuter","2","アンシュカム","Anshukam"
"1577","bhū","bhū","Feminine","3s","√bhūの不定詞","to be(infinitive)"
"1578","kṛ","kṛ","Feminine","3s","√kṛの不定詞","to do(infinitive)"
"1579","yā","yā","Feminine","3s","√yāの不定詞","to go(infinitive)"
"1580","gam","gam","Feminine","3s","√gamの不定詞","to come(infinitive)"
"1581","dhā","dhā","Feminine","3s","√dhāの不定詞","to put(infinitive)"
"1582","nī","nī","Feminine","3s","√nīの不定詞","to lead(infinitive)"
"1583","i","i","Feminine","3s","√iの不定詞","to go(infinitive)"
"1584","as","as","Feminine","3s","√asの不定詞","to be(infinitive)"