"325","eka","eka","1-2","1","One",
"664","dvi",,"irr","2","two",
"663","dvādaśāha","dvādaśāha","1-2","12","Twelve",
"1379","satta","satta","1-2","70","Seventy",
"25","akta","akta","1-2","10月","Oct",
"1014","māra","māra","1-2","3月","Mar",
"754","pañcama","pañcama","1-2","5番目","Fifth",
"1353","ṣāṇmāsika","ṣāṇmāsika","1-2","6か月ごと","Six-monthly",
"1426","sāḍha","sāḍha","1-2","6年半","Saadh",
"1352","ṣaṣṭha","ṣaṣṭha","1-2","6番目","Sixth",
"43","aga","aga","1-2","8月","Aug",
"1444","sita","sita","1-2","9月","Sept",
"700","navama","navama","1-2","9番目","Ninth",
"138","abhiṣṭidyumna","abhiṣṭidyumna","1-2","abhishitdyumna","Abhishtidyumna",
"57","acira","acira","1-2","achir","Achir",
"63","acyuta","acyuta","1-2","Achyut","Achyut",
"83","advaita","advaita","1-2","Advaita","Advaita",
"11","akāma","akāma","1-2","Akam","Akam",
"206","ākāśeśa","ākāśeśa","1-2","Akashesh","Aakash",
"24","akeśa","akeśa","1-2","Akesh","Akesh",
"26","akrūra","akrūra","1-2","Akrur","Akrur",
"88","anakṣ","anakṣ","3s","Aksh","Anx",
"36","akṣita","akṣita","1-2","Akshit","Akshit",
"225","āmreḍita","āmreḍita","1-2","amred","Amredit",
"128","apeya","apeya","1-2","apey","Apey",
"223","āptya","āptya","1-2","apty","Aptya",
"164","arbha","arbha","1-2","Arbh","Arbh",
"233","ārya","ārya","1-2","Arya","Arya",
"199","asāra","asāra","1-2","asar","Asar",
"184","aśrīra","aśrīra","1-2","ashrir","Ashrir",
"200","asita","asita","1-2","Asit","Asit",
"201","asitabhrū","asitabhrū","4u","Asitbhrau","Asitabhru",
"249","āsneya","āsneya","1-2","asneya","Asney",
"217","ātharvaṇa","ātharvaṇa","1-2","atharvan","Atharva",
"78","atharvāṅgirasa","atharvāṅgirasa","1-2","atharvangiris","Atharvangiras",
"331","evaṃkratu","evaṃkratu","1-2","aukratu","Evamkratu",
"174","avidya","avidya","1-2","avidya","Avidya",
"918","brahmodya","brahmodya","1-2","brahmodya","Brahmodya",
"494","citrabhānu","citrabhānu","4u","Chitrabhanu","Chitrabhanu",
"683","dhṛta","dhṛta","1-2","Dhrut","Dhrut",
"637","duvasyu","duvasyu","4u","Duvasyu","Duvasyu",
"259","īkṣa","īkṣa","1-2","eksha","Eeks",
"335","aindava","aindava","1-2","endv","Aindav",
"458","gārhya","gārhya","1-2","Garhya","Garhya",
"469","gorūpa","gorūpa","1-2","Gorup","Gorup",
"1533","ha","ha","1-2","h","h",
"264","īśa","īśa","1-2","Hは","Ish",
"485","caturtha","caturtha","1-2","IV","IV",
"515","jātyaratnamaya","jātyaratnamaya","1-2","jatyratnamay","Jatyaratnamaya",
"1157","lohita","lohita","1-2","lohit","Lohit",1
"1043","medhira","medhira","1-2","medhir","Medhir",
"1023","mīḍhuṣṭama","mīḍhuṣṭama","1-2","meedhustam","Meedhushtam",
"767","paryuṣita","paryuṣita","1-2","paryushit","Paryushit",
"792","piṅga","piṅga","1-2","ping","Ping",
"801","pīpivas","pīpivas","3con","pipivs","Pipivas",
"1103","rāma","rāma","1-2","RAM","Ram",
"1094","rayintama","rayintama","1-2","Rayintam","Rayintam",
"1111","riphita","riphita","1-2","Rifit","Rifit",
"1131","rohita","rohita","1-2","Rohit","Rohit",
"1383","sadāśiva","sadāśiva","1-2","Sadashiv","Sadashiv",
"1424","sāṃkhya","sāṃkhya","1-2","sankhya","Sankhya",
"1294","śaṣpiñjara","śaṣpiñjara","1-2","Shaspinjar","Shashpinjar",
"1447","sinva","sinva","1-2","sinv","Sinv",
"1508","smarātura","smarātura","1-2","smartatur","Smaratur",
"1510","smera","smera","1-2","smer","Smer",
"1487","soḍha","soḍha","1-2","sodh","Sodh",
"1454","sunīta","sunīta","1-2","sunit","Sunit",
"1467","suśeva","suśeva","1-2","sushev","Susheva",
"1468","suśevas","suśevas","1-2","sushevs","Sushevas",
"1515","svayaṃvara","svayaṃvara","1-2","swayamvara","Swayamvar",
"539","takva","takva","1-2","taq","Takv",
"577","tura","tura","1-2","tur","Tur",
"580","tuvidyumna","tuvidyumna","1-2","tuvidyumna","Tuvidyumn",
"592","tveṣadyumna","tveṣadyumna","1-2","tveshadyumna","Tveshadyumna",
"594","tveṣaratha","tveṣaratha","1-2","tveshrath","Tvesharatha",
"1265","vaidarbha","vaidarbha","1-2","Vaidarbha","Vaidarbha",
"1273","vaiśvānara","vaiśvānara","1-2","Vaishvanar","Vaishvanar",
"1263","vaitathya","vaitathya","1-2","Vaitathya","Vaitathya",
"1172","vapus","vapus","3con","Vapus","Vapus",
"1171","vapuṣya","vapuṣya","1-2","Vapushya","Vapushya",
"1169","vapuṣṭama","vapuṣṭama","1-2","Vapustam","Vapustam",
"1170","vapuṣṭara","vapuṣṭara","1-2","Vapuster","Vapuster",
"1181","vaśa","vaśa","1-2","Vash","Vash",
"1182","vaśaṃvada","vaśaṃvada","1-2","Vashanvad","Vashanvad",
"1183","vaśya","vaśya","1-2","Vashya","Vashya",
"1188","vasnya","vasnya","1-2","Vasnya","Vasnya",
"1189","vasyas","vasyas","3con","Vasyas","Vasyas",1
"1243","vīḍu","vīḍu","4u","Veedu","Veedu",
"1249","vīl̤u","vīl̤u","4u","Veelu","Veelu",
"1248","vīra","vīra","1-2","Veer","Veer",
"1244","vītabhī","vītabhi","3i","Veetbhi","Veetbhi",
"1246","vītamanyu","vītamanyu","4u","Veetmanyu","Veetmanyu",
"1224","vibhīṣaṇa","vibhīṣaṇa","1-2","Vibhishana","Vibhishana",
"1213","vidvas","vidvas","3con","Vidvas","Vidvas",
"1217","vinīta","vinīta","1-2","Vineet","Vineet",
"1228","virāj","virāj","3s","Viraj","Viraj",
"1229","virāṭa","virāṭa","1-2","Virat","Virat",
"1238","viśvaścandra","viśvaścandra","1-2","Visvachandra","Visvachandra",
"1247","vītirādhas","vītirādhas","3con","Vitiradhas","Vitiradhas",
"1258","vṛṣṇi","vṛṣṇi","3i","Vrishni","Vrishni",
"1253","vṛtrahan","vṛtrahan","3n","Vritrahan","Vritrahan",
"1059","yahvat","yahvat","3con","Yahvat","Yahvat",
"1063","yātuvid","yātuvid","3s","Yatuvid","Yatuvid",
"15","akiñcana","akiñcana","1-2","あきんちゃん","Akinchan",
"61","acirau","acirau","double","あちろう","Achirou",
"936","bhavat","bhavat","3con","あなたはされています","You've been",
"1524","svāgata","svāgata","1-2","いらっしゃいませ","Welcome",
"283","udāsa","udāsa","1-2","うつ病","Depressed",
"302","uru","uru","4u","うる","Uru",
"987","mala","mala","1-2","うんこ","poop",
"638","duh","dugh","3s","ええと","Duh",
"1525","svādiṣṭha","svādiṣṭha","1-2","おいしい","Delicious",
"1477","susvādu","susvādu","4u","おいしい","Delicious",
"1526","svādu","svādu","4u","おいしい","Delicious",
"478","ghṛṇita","ghṛṇita","1-2","おぞましい","Disgusting",
"216","ātithya","ātithya","1-2","おもてなし","Hospitality",
"122","anyonya","anyonya","1-2","お互い","Each other",
"338","ojodā","ojodā","1-2","お嬢田","Ojoda",
"871","priya","priya","1-2","お気に入り","favorite",
"878","preṣṭha","preṣṭha","1-2","お気に入り","Favorite",
"909","bubhukṣita","bubhukṣita","1-2","お腹がすいた","hungry",
"910","bubhukṣu","bubhukṣu","4u","お腹がすいた","hungry",
"1123","rūpya","rūpya","1-2","お金","Rs",
"963","bhojana","bhojana","1-2","お食事","meal",
"496","cukṣobhayiṣu","cukṣobhayiṣu","4u","かき混ぜながら","in the stirring",
"431","kṣubdha","kṣubdha","1-2","かき混ぜる","Agitated",
"432","kṣubhita","kṣubhita","1-2","かき混ぜる","stirred",
"341","kañcana","kañcana","1-2","かんちゃん","Kanchan",
"253","ita","ita","1-2","これ","It",
"333","eṣa","eṣa","1-2","これです","This is it",
"495","cira","cira","1-2","これまで","Chir",
"256","ina","ina","1-2","これらは","These",
"429","kṣudra","kṣudra","1-2","ささいな","petty",
"430","kṣudraka","kṣudraka","1-2","ささいな","petty",
"433","kṣulla","kṣulla","1-2","ささいな","petty",
"434","kṣullaka","kṣullaka","1-2","ささいな","petty",
"996","mahān","mahān","3n","すごい","great",
"682","dhūrta","dhūrta","1-2","ずるい","sly",
"1065","yādṛśa","yādṛśa","1-2","そのような","such as",
"1066","yādṛś","yādṛś","3s","そのような","such as",
"121","anya","anya","1-2","その他","Others",
"985","marda","marda","1-2","その男","The man",
"956","bhūta","bhūta","1-2","その間","been",
"404","kevala","kevala","1-2","それだけ","Only",
"540","tata","tata","1-2","それで","Then",
"731","nirbhara","nirbhara","1-2","それによる","depend",
"112","aneka","aneka","1-2","たくさんの","Many",
"526","juṣṭa","juṣṭa","1-2","ただ","Just",
"332","evaṃgata","evaṃgata","1-2","たとえそうであっても","Even so",
"559","taviṣīyu","taviṣīyu","4u","たびしゆ","Tavishiyu",
"403","kekara","kekara","1-2","だれの","Whose",
"269","ucita","ucita","1-2","ちゃんとした","proper",
"1394","sabhya","sabhya","1-2","ちゃんとした","Decent",
"117","antavat","antavat","3con","ついに","Finally",
"1416","saha","saha","1-2","と","with",
"1369","sakaṇṭaka","sakaṇṭaka","1-2","とげのある","thorny",
"534","jyāyas","jyāyas","1-2","とても","Jyays",
"1054","yata","yata","1-2","なぜなら","Because",
"710","nāciketa","nāciketa","1-2","なちけた","Nachiketa",
"514","jāta","jāta","1-2","なりました","became",
"757","para","para","1-2","に","on the",
"450","gandhi","gandhi","3i","におい","The smell",
"109","anusāra","anusāra","1-2","によると","According to",
"1242","vī","vī","3i","に行く, 熱望する, 望む, 好きな","going to, eager for, desirous or fond of",
"162","ardhaka","ardhaka","1-2","の半分","Half of the",
"617","dāruṇa","dāruṇa","1-2","ひどい","Terrible",
"929","bhayaṃkara","bhayaṃkara","1-2","ひどい","Terrible",
"930","bhayaṅkara","bhayaṅkara","1-2","ひどい","Terrible",
"953","bhīṣaṇa","bhīṣaṇa","1-2","ひどい","Terrible",
"461","gupta","gupta","1-2","ひみつ","Secret",
"165","arbhaga","arbhaga","1-2","ほとんど","Arbhag",
"228","ārūpya","ārūpya","1-2","まとまりのない","Amorphous",
"969","mañju","mañju","4u","まんじゅ","Manju",
"86","adhika","adhika","1-2","もっと","More",
"658","dravya","dravya","1-2","もの","things",
"1053","yajyu","yajyu","4u","やじゅ","Yajyu",
"1062","yātayāman","yātayāman","3n","やたやまん","Yatayaman",
"1056","yama","yama","1-2","やま","Yama",
"19","akṛta","akṛta","1-2","やり直し","Undone",
"1026","mukta","mukta","1-2","ゆるい","loose",
"1308","śithila","śithila","1-2","ゆるい","Loose",
"1150","lubdha","lubdha","1-2","よく深い","Greedy",
"1434","sādhvalaṃkṛta","sādhvalaṃkṛta","1-2","よく飾られた","well-adorned",
"1076","raṃsu","raṃsu","4u","らんす","Ransu",
"1203","vāha","vāha","1-2","わお","Wow",
"10","akarman","akarman","3n","アカルマーン","Akarmaan",
"54","agha","agha","1-2","アガ","Agha",
"44","agada","agada","1-2","アガド","Agad",
"18","akūpāra","akūpāra","1-2","アキュパー","Acupar",
"42","akhila","akhila","1-2","アキル","Akhil",
"40","akṣṇayā","akṣṇayā","1-2","アクシャヤ","Akshaya",
"45","agamya","agamya","1-2","アクセスできません","inaccessible",
"453","gamanīya","gamanīya","1-2","アクセス可能","Accessible",
"51","agnihotra","agnihotra","1-2","アグニホトラ","Agnihotra",
"209","āgneya","āgneya","1-2","アグニュー","Agnew",
"48","aguru","aguru","4u","アグル","Aguru",
"189","aṣāḍha","aṣāḍha","1-2","アシャド","Ashadh",
"190","aṣāl̤ha","aṣāl̤ha","1-2","アシャル","Ashalh",
"246","āśu","āśu","4u","アシュ","Ashu",
"188","aśvin","aśvin","3n","アシュウィン","Ashwin",
"191","aṣṭaka","aṣṭaka","1-2","アシュタカ","Ashtaka",
"187","aśvaścandra","aśvaścandra","1-2","アシュワチャンドラ","Ashwa Chandra",
"186","aśvattha","aśvattha","1-2","アシュヴァッタ","Ashvattha",
"66","ajira","ajira","1-2","アジル","Azir",
"72","atala","atala","1-2","アタル","Atal",
"79","adara","adara","1-2","アダール","Adar",
"123","apara","apara","1-2","アッパー","Upper",
"80","aditi","aditi","3i","アディティ","Aditi",
"96","anāmaya","anāmaya","1-2","アナマヤ","Anamaya",
"89","anaṅga","anaṅga","1-2","アナン","Anang",
"102","anīśa","anīśa","1-2","アニッシュ","Anish",
"101","aniruddha","aniruddha","1-2","アニルッダ","Aniruddha",
"103","anuka","anuka","1-2","アヌク","Anuk",
"107","anuloma","anuloma","1-2","アヌロム","Anulom",
"110","anūpa","anūpa","1-2","アヌープ","Anoop",
"113","anedya","anedya","1-2","アネディア","Anedya",
"177","avīci","avīci","3i","アビチ","Avichi",
"139","abhyantarakalpa","abhyantarakalpa","1-2","アビヤンタラカルパ","Abhyantarakalpa",
"133","abjit","abjit","3con","アブジット","Abjit",
"129","apracetas","apracetas","3con-s","アプラチェタス","Aprachetas",
"144","amavat","amavat","3con","アマバット","Amavat",
"143","amala","amala","1-2","アマル","Amal",
"141","amanas","amanas","3con-s","アマンス","Amans",
"145","amitra","amitra","1-2","アミトラ","Amitra",
"149","ayuta","ayuta","1-2","アユット","Ayut",
"150","ayudhya","ayudhya","1-2","アユディア","Ayudhya",
"155","arasa","arasa","1-2","アラス","Aras",
"153","araṇa","araṇa","1-2","アラン","Aran",
"156","aritra","aritra","1-2","アリトラ","Aritra",
"5","aṛṇin","aṛṇin","4u","アリニン","Arinin",
"975","madya","madya","1-2","アルコール","Alcohol",
"616","dāru","dāru","4u","アルコール","Alcohol",
"160","arjuna","arjuna","1-2","アルジュナ","Arjuna",
"35","akṣāra","akṣāra","1-2","アルファベット","Alphabet",
"154","aramati","aramati","3i","アルマティ","Armati",
"234","āryamaṇa","āryamaṇa","1-2","アルヤマン","Aryaman",
"157","aruṣa","aruṣa","1-2","アルーシャ","Arusha",
"3","aṃsala","aṃsala","1-2","アンサル","Ansal",
"2","aṃśumat","aṃśumat","3con","アンシュマット","Anshumat",
"4","aṃhu","aṃhu","4u","アンフー","Anhu",
"111","anṛkṣara","anṛkṣara","1-2","アンリクシャラ","Anrikshara",
"235","ārṣa","ārṣa","1-2","アーシュ","Arsh",
"158","arc","arc","3s","アーチ","Arch",
"870","prārambhika","prārambhika","1-2","イニシャル","Initial",
"330","eva","eva","1-2","イブ","Eve",
"364","kalpita","kalpita","1-2","イマジナリー","Imaginary",
"1496","sthāpana","sthāpana","1-2","インストール","Installation",
"9","akarmaka","akarmaka","1-2","イントランジティブ","Intransitive",
"943","bhārata","bhārata","1-2","インド","India",
"1282","śakra","śakra","1-2","シュガー","sugar",
"87","anaṃta","anaṃta","1-2","無限","infinite",
"631","durjana","durjana","1-2","邪悪な","wicked",
"354","kamara","kamara","1-2","ウエスト","waist",
"304","uśij","uśij","3s","ウシジ","Ushij",
"280","udayin","udayin","3n","ウダイン","Udayin",
"279","udanya","udanya","1-2","ウディアン","Udyan",
"276","uttarādhara","uttarādhara","1-2","継承","succession",
"277","uttāna","uttāna","1-2","ウッタン","Uttan",
"292","upatāpin","upatāpin","3n","困った","troubled",
"326","ekākin","ekākin","3n","さみしい","lonely",
"739","niṣṇāta","niṣṇāta","1-2","マスターの","master's",
"1486","saira","saira","1-2","プレジャートリップ","Pleasure trip",
"92","ananya","ananya","1-2","個性的","Unique",
"260","īḍya","īḍya","1-2","id","id",
"329","eḍa","eḍa","1-2","エド","Ed",
"490","cāru","cāru","4u","美しい","Beautiful",
"376","kāmuka","kāmuka","1-2","官能的","sensual",
"512","java","java","1-2","オオムギ","Barley",
"337","ojīyas","ojīyas","1-2","ogees","ogees",
"339","oṣa","oṣa","1-2","オッシュ","Osh",
"863","prācya","prācya","1-2","オリエンタル","oriental",
"1048","maukhika","maukhika","1-2","オーラル","Oral",
"407","kauṭa","kauṭa","1-2","カウト","cout",
"409","kaurava","kaurava","1-2","カウラバス","Kauravas",
"447","gaṇanīya","gaṇanīya","1-2","カウント可能","Countable",
"390","kāśmīra","kāśmīra","1-2","カシミール","Kashmir",
"368","kaśyapa","kaśyapa","1-2","カシャップ","Kashyap",
"1068","yugma","yugma","1-2","カップル","couple",
"348","kadru","kadru","4u","カドル","Kadru",
"438","khanitrima","khanitrima","1-2","カニトリム","Khanitrim",
"351","kanīna","kanīna","1-2","カニン","Kanin",
"352","kapardin","kapardin","3n","カパルディン","Kapardin",
"353","kapilā","kapilā","1-2","カピラ","Kapila",
"374","kāmaduh","kāmadugh","3s","カマドゥ","Kamaduh",
"358","karaṇa","karaṇa","1-2","カラン","Karan",
"386","kāliya","kāliya","1-2","カリヤ","Kaliya",
"361","karin","karin","3n","カリン","Karin",
"366","kalla","kalla","1-2","カル","Kall",
"381","kārdama","kārdama","1-2","カルダモン","Cardamom",
"363","kalpa","kalpa","1-2","カルパ","Kalpa",
"360","kari","kari","3i","カレー","Curry",
"373","kāmakeli","kāmakeli","3i","仕事","work",
"372","kānta","kānta","1-2","カント","Kant",
"377","kāmboja","kāmboja","1-2","カンボジ","Kamboj",
"382","kārpūra","kārpūra","1-2","コーポア","corpore",
"387","kālīna","kālīna","1-2","カーペット","carpet",
"439","khara","khara","1-2","本当","really",
"472","gaura","gaura","1-2","知らせ","notice",
"449","gatarasa","gatarasa","1-2","ガトラ","gatras",
"448","gata","gata","1-2","過去","Past",
"476","ghātin","ghātin","3n","致命的","fatal",
"464","gūrta","gūrta","1-2","ゴシップ","gossip",
"305","uṣṭa","uṣṭa","1-2","キャメル","camel",
"441","khinna","khinna","1-2","悲しい","sad",
"479","ghṛta","ghṛta","1-2","グリタ","Ghrita",
"435","kṣema","kṣema","1-2","許し","pardon",
"436","kṣemin","kṣemin","3n","クシェミン","Kshemin",
"422","kṣatriya","kṣatriya","1-2","クシャトリヤ","Kshatriya",
"311","ṛkṣa","ṛkṣa","1-2","リクシャ","Riksha",
"1409","sarjanātmaka","sarjanātmaka","1-2","クリエイティブ","creative",
"402","kṛṣṇa","kṛṣṇa","1-2","クリシュナ","Krishna",
"437","kḷpta","kḷpta","1-2","苦しい","languishing",
"413","krīl̤a","krīl̤a","1-2","クリー","Cree",
"395","kulva","kulva","1-2","クルバ","kulva",
"416","kreya","kreya","1-2","買う","buy",
"778","pāgala","pāgala","1-2","狂った","Mad",
"1388","sanaka","sanaka","1-2","執着","obsession",
"412","krīta","krīta","1-2","クレタ","Crete",
"459","gujarātī","gujarāti","3i","グジャラティ","Gujarati",
"466","gṛdhra","gṛdhra","1-2","ピット","pit",
"470","gauḍa","gauḍa","1-2","ガウド","goud",
"465","gūl̤ha","gūl̤ha","1-2","ナゲット","nugget",
"405","keśin","keśin","3n","髪","hair",
"443","kheṭa","kheṭa","1-2","農場","farm",
"794","piñjara","piñjara","1-2","ケージ","cage",
"562","tāmramukha","tāmramukha","1-2","コッパーヘッド","Copperhead",
"1439","sāmūhika","sāmūhika","1-2","集団","the collective",
"1275","vyañjana","vyañjana","1-2","料理","dishes",
"397","kūṭa","kūṭa","1-2","コード","Code",
"471","gautama","gautama","1-2","ゴータム","gautam",
"1134","lakṣa","lakṣa","1-2","ゴール","goal",
"480","ghora","ghora","1-2","全体","gross",
"1371","sakṛt","sakṛt","3s","サンスクリット","Sanskrit",
"1415","saspiñjara","saspiñjara","1-2","サスペンダー","suspender",
"1481","sūta","sūta","1-2","糸","yarn",
"1381","satphala","satphala","1-2","サトファル","Satfal",
"1380","satputra","satputra","1-2","satputra","satputra",
"1432","sādhu","sādhu","4u","聖人","Saint",
"1389","sanātana","sanātana","1-2","サナタン","Sanatan",
"1419","sahasranetra","sahasranetra","1-2","サハスラネトラ","Sahasranetra",
"1413","savana","savana","1-2","サバン","savan",
"1460","subhaga","subhaga","1-2","サブハグ","Subhag",
"1461","subhadra","subhadra","1-2","サブハドラ","Subhadra",
"1437","sāmayācārika","sāmayācārika","1-2","おしゃべり","chatty",
"1436","sāma","sāma","1-2","素材","material",
"1406","sarasa","sarasa","1-2","サラス","Saras",
"1197","vānara","vānara","1-2","エイプ","apes",
"1407","saru","saru","4u","ヒノキ","Cypress",
"1412","sarvajit","sarvajit","3con","全能","omnipotent",
"1408","saroja","saroja","1-2","サロイ","Saroj",
"1357","saṃjaya","saṃjaya","1-2","サンジェイ","Sanjay",
"1376","sañjaya","sañjaya","1-2","サンジェイ","Sanjay",
"1367","saṃskṛta","saṃskṛta","1-2","サンスクリット","Sanskrit",
"1368","saṃskṛtajña","saṃskṛtajña","1-2","サンスクリット学者","Sanskrit scholar",
"1362","saṃyamin","saṃyamin","3n","抑制","restrained",
"1250","vṛta","vṛta","1-2","丸い","circle",
"1252","vṛtya","vṛtya","1-2","丸い","circle",
"1051","yajamāna","yajamāna","1-2","ホスト","host",
"1446","siddhārtha","siddhārtha","1-2","シッダールタ","Siddhartha",
"1297","śākta","śākta","1-2","シャクト","shakt",
"1284","śatrughna","śatrughna","1-2","シャトルガン","Shatrughna",
"1286","śama","śama","1-2","シャム","Sham",
"1336","śyāma","śyāma","1-2","シャム","Shyam",
"1290","śarāru","śarāru","4u","シャラル","Shararu",
"1292","śarman","śarman","1-2","シャルマン","Sharman",
"1280","śaṃkara","śaṃkara","1-2","シャンカー","Shankar",
"1281","śaṃtanu","śaṃtanu","4u","シャンタヌ","Shantanu",
"1285","śantanu","śantanu","4u","シャンタヌ","Shantanu",
"1296","śāṃtanu","śāṃtanu","4u","シャンタヌ","Shantanu",
"1299","śāntanu","śāntanu","4u","シャンタヌ","Shantanu",
"1287","śamba","śamba","1-2","シャンバ","Shamba",
"1288","śambhu","śambhu","4u","シャンブー","Shambhu",
"1293","śarvara","śarvara","1-2","シャーバー","Sharver",
"571","tīkṣṇa","tīkṣṇa","1-2","シャープ","Sharp",
"572","tīvra","tīvra","1-2","シャープ","sharp",
"1316","śuca","śuca","1-2","シュッホ","Shuch",
"1340","śrāvaṇa","śrāvaṇa","1-2","シュラヴァン","Shravan",
"1327","śṛddha","śṛddha","1-2","シュリダ","Shriddha",
"1324","śūrpakarṇa","śūrpakarṇa","1-2","シュルパカルナ","Shurpakarna",
"1343","śreyas","śreyas","1-2","シュレヤス","Shreyas",
"1323","śūra","śūra","1-2","シュール","Shur",
"1305","śāva","śāva","1-2","ショー","Shaw",
"1304","śāla","śāla","1-2","ショール","Shawl",
"844","pratīka","pratīka","1-2","シンボル","Symbols",
"1309","śiva","śiva","1-2","シヴァ","Shiva",
"1329","śaiva","śaiva","1-2","シヴァ","Shiva",
"530","jenya","jenya","1-2","ジェニー","Jenny",
"1020","mithuna","mithuna","1-2","ジェミニ","Gemini",
"531","jaina","jaina","1-2","ジャイン","Jain",
"503","jagdha","jagdha","1-2","ジャグダ","Jagdha",
"509","jarat","jarat","3con","ジャラット","Jarat",
"529","jūrṇa","jūrṇa","1-2","ジャーン","Jurn",
"527","jū","jū","4u","ジュ","Ju",
"525","jugupsu","jugupsu","4u","ジュグプス","Jugupsu",
"350","kaniṣṭha","kaniṣṭha","1-2","ジュニア","Junior",
"1364","saṃyukta","saṃyukta","1-2","ジョイント","joint",
"1530","svinna","svinna","1-2","スウィン","Swinn",
"1479","sūkta","sūkta","1-2","スクタ","Sukta",
"1449","sukhin","sukhin","3n","スクヒン","Sukhin",
"1452","sugrīva","sugrīva","1-2","スグリバ","Sugriva",
"1471","suścandra","suścandra","1-2","スシャンドラ","Suschandra",
"1457","suparṇa","suparṇa","1-2","スパルナ","Suparna",
"444","khela","khela","1-2","スポーツ","Sports",
"1462","sumati","sumati","3i","スマティ","Sumati",
"1507","smaranipuṇa","smaranipuṇa","1-2","スマラニプン","Smaranipun",
"491","cikkaṇa","cikkaṇa","1-2","スムーズ","Smooth",
"1307","śithira","śithira","1-2","スラック","Shithir",
"1338","śramaṇa","śramaṇa","1-2","スラマナ","Sramana",
"401","kṛśa","kṛśa","1-2","スリム","Slim",
"1345","ślakṣṇa","ślakṣṇa","1-2","スリム","slim",
"1514","svapas","svapas","1-2","スワップ","Swaps",
"1516","svari","svari","3i","スワリ","Swari",
"1521","svalpa","svalpa","1-2","スワルプ","Swalp",
"1478","sū","sū","4u","スー","Soo",
"1428","sāta","sāta","1-2","セブン","Seven",
"1390","saptatha","saptatha","1-2","セブンス","Seventh",
"1391","saptama","saptama","1-2","セブンス","Seventh",
"1322","śūnya","śūnya","1-2","ゼロ","zero",
"1488","solluṇṭha","solluṇṭha","1-2","ソルンス","Sollunth",
"850","prabhava","prabhava","1-2","ソース","Source",
"1512","sruta","sruta","1-2","ソース","Source",
"538","taku","taku","4u","タク","Taku",
"541","tathāgata","tathāgata","1-2","タタガタ","Tathagata",
"542","tanu","tanu","4u","タヌ","Tanu",
"544","tanūja","tanūja","1-2","タヌジ","Tanuj",
"543","tanula","tanula","1-2","タヌル","tanul",
"557","tavas","tavas","3con-s","タバス","Tavas",
"545","tapa","tapa","1-2","タパ","Tapa",
"546","tapana","tapana","1-2","タパン","Tapan",
"558","taviṣa","taviṣa","1-2","タビッシュ","Tavish",
"547","tapu","tapu","4u","タプ","Tapu",
"561","tāmasa","tāmasa","1-2","タマス","Tamas",
"549","tamasvat","tamasvat","3con","タマスバット","Tamasvat",
"576","tumula","tumula","1-2","タムル","Tumul",
"564","tāraka","tāraka","1-2","タラック","Tarak",
"555","talita","talita","1-2","タリット","Talit",
"568","tālin","tālin","3n","タリン","Tallinn",
"553","tarutṛ","tarutṛ","3r","タルトル","Tarutru",
"560","tavya","tavya","1-2","タヴィア","Tavya",
"554","tarpaṇa","tarpaṇa","1-2","ターパン","Tarpan",
"550","taras","taras","3con-s","タール","Tars",
"252","āhāra","āhāra","1-2","ダイエット","diet",
"608","daśaratha","daśaratha","1-2","ダサラサ","Dasaratha",
"606","daśat","daśat","3con","ダシャット","Dashat",
"599","datta","datta","1-2","ダット","Dutt",
"667","dhanaṃjaya","dhanaṃjaya","1-2","ダナンジェイ","Dhananjay",
"611","dāninī","dānini","3i","ダニニ","Danini",
"612","dānin","dānin","3n","ダニン","Danin",
"614","dānu","dānu","4u","ダヌ","Danu",
"425","kṣita","kṣita","1-2","ダメージ","kshit",
"605","darśana​","darśana​","1-2","ダルシャン","Darshan",
"604","dartnu","dartnu","4u","ダルトヌ","Dartnu",
"673","dharuṇa","dharuṇa","1-2","弓","bow",
"632","durdānta","durdānta","1-2","悲劇","tragedy",
"603","dartṛ","dartṛ","3r","ヴィジョン","vision",
"635","durmanas","durmanas","3con","礼儀正しくない","ill-mannered",
"674","dharmin","dharmin","3n","正義","righteous",
"615","dāra","dāra","1-2","ドア","door",
"484","caturaṅga","caturaṅga","1-2","チャトゥランガ","Chaturanga",
"492","cikkiṇa","cikkiṇa","1-2","ちっかん","Chikkan",
"488","cāturmāsya","cāturmāsya","1-2","chaturmasya","chaturmasya",
"482","caṇḍa","caṇḍa","1-2","チャンド","Chand",
"487","candrin","candrin","3n","月","moon",
"1027","mukhya","mukhya","1-2","主要","Main",
"596","tsārin","tsārin","3n","ツァリン","tsarin",
"570","tigma","tigma","1-2","tigm","tigm",
"586","tejasvin","tejasvin","3n","テジャスウィン","Tejaswin",
"589","tva","tva","1-2","肌","skin",
"618","digdha","digdha","1-2","乳白色","milky",
"678","dhiṣṇya","dhiṣṇya","1-2","Dishnya","Dishnya",
"620","didhakṣu","didhakṣu","4u","ダダクシュ","Dhadakshu",
"537","ḍīna","ḍīna","1-2","ディーン","Dean",
"624","dīna","dīna","1-2","ディーン","Deen",
"657","dyumnin","dyumnin","3n","デュムニン","Dyumnin",
"647","devatāsahāyin","devatāsahāyin","3n","ゴッドヘルパー","god helper",
"649","devayāna","devayāna","1-2","Devyaan","Devyaan",
"587","toyaja","toyaja","1-2","おもちゃ","Toys",
"581","tūya","tūya","1-2","トゥイ","Tuy",
"578","turīya","turīya","1-2","トゥリヤ","Turiya",
"1079","raktaphala","raktaphala","1-2","トマト","tomato",
"516","jāla","jāla","1-2","トラップ","trap",
"1370","sakarmaka","sakarmaka","1-2","トランジティブ","transitive",
"640","dūradarśana","dūradarśana","1-2","ドアダルシャン","Doordarshan",
"1321","śuṣka","śuṣka","1-2","ドライ","Dry",
"711","nāṭaka","nāṭaka","1-2","ドラマ","Drama",
"659","drāviḍa","drāviḍa","1-2","ドラヴィッド","Dravid",
"684","dhṛṣu","dhṛṣu","4u","ドルシュ","Dhrushu",
"661","drogha","drogha","1-2","ドロガ","Drogha",
"709","nāgin","nāgin","3n","ナギン","Nagin",
"712","nātha","nātha","1-2","ナス","Nath",
"692","nata","nata","1-2","ナット","Nat",
"713","nādeya","nādeya","1-2","ナデイ","Nadey",
"694","nabhya","nabhya","1-2","ナビヤ","Nabhya",
"702","navodaya","navodaya","1-2","ナボダヤ","Navodaya",
"716","nārāyaṇa","nārāyaṇa","1-2","ナラヤン","Narayan",
"697","narya","narya","1-2","ナリヤ","Narya",
"698","nalada","nalada","1-2","ナルド","Nald",
"693","nandaka","nandaka","1-2","ナンダク","Nandak",
"704","navya","navya","1-2","ナヴィア","Navya",
"719","nikhila","nikhila","1-2","ニキル","Nikhil",
"726","nirukta","nirukta","1-2","ニルクタ","Nirukta",
"729","nirbuddhi","nirbuddhi","3i","無意味","senseless",
"735","nirvaira","nirvaira","1-2","ニルヴァール","nirvair",
"650","deśaja","deśaja","1-2","先住民族","indigenous",
"651","deśīya","deśīya","1-2","ネイティブ","native",
"747","nedīyas","nedīyas","3con","nedis","nedis",1
"746","nediṣṭha","nediṣṭha","1-2","ネディシュタ","Nedishtha",
"1470","suśoka","suśoka","1-2","ハッピー","happy",
"1535","hanana","hanana","1-2","侵害","infringement",
"1538","hari","hari","3i","ハリ","Hari",
"679","dhīra","dhīra","1-2","ハルシオン","Halcyon",
"1542","harṣaṇa","harṣaṇa","1-2","ハルシャン","Harshan",
"393","kubja","kubja","1-2","便秘","constipation",
"1544","havya","havya","1-2","havya","havya",
"886","baddha","baddha","1-2","バウンド","bound",
"940","bhāgavata","bhāgavata","1-2","バグワット","Bhagwat",
"913","baijika","baijika","1-2","バイジク","Baijik",
"927","bhaṭṭa","bhaṭṭa","1-2","バット","Bhatt",
"1004","mahiṣa","mahiṣa","1-2","バッファロー","Buffalo",
"1199","vāmana","vāmana","1-2","バマナ","Vamana",
"935","bhalla","bhalla","1-2","バラ","Bhalla",
"934","bhariṣa","bhariṣa","1-2","バリッシュ","Bharish",
"945","bhārin","bhārin","3n","バリン","Bharin",
"893","balīvardaḥ","balīvardaḥ","1-2","バリヴァルダ","Balivardah",
"904","bāl̤ha","bāl̤ha","1-2","バル","Balh",
"1175","varcodā","varcodā","1-2","バルコダ","Varchoda",
"1176","varcodhā","varcodhā","1-2","バルチョダ","Varchodha",
"926","bhañjin","bhañjin","3n","バンジン","Bhanjin",
"888","bandin","bandin","3n","バンディン","Bandin",
"900","bahvṛca","bahvṛca","1-2","バーブリッヒ","Bahvrich",
"933","bharat","bharat","3con","バーラト","Bharat",
"750","paktṛ","paktṛ","3r","パクトリ","Paktri",
"883","psāta","psāta","1-2","パサート","Psat",
"756","padma","padma","1-2","パドマ","Padma",
"786","pāraga","pāraga","1-2","パラグ","Parag",
"567","tālavya","tālavya","1-2","パラタル","Palatal",
"759","parātpara","parātpara","1-2","パラパラ","Paratpara",
"768","paryuṣṭa","paryuṣṭa","1-2","パリウシュタ","Paryushta",
"772","palita","palita","1-2","パリット","Palit",
"762","parimanyu","parimanyu","4u","パリマニュ","Parimanyu",
"831","pyāna","pyāna","1-2","パン","Pan",
"780","pāṇḍava","pāṇḍava","1-2","パンダバス","Pandavas",
"753","pañcaka","pañcaka","1-2","パンチャク","Panchak",
"755","paṇḍita","paṇḍita","1-2","パンディット","Pandit",
"781","pāṇḍu","pāṇḍu","4u","パンドゥ","Pandu",
"788","pārvaṇa","pārvaṇa","1-2","パーバン","Parvan",
"1548","hikkin","hikkin","3n","ヒッキン","Hickin",
"1552","himavat","himavat","3con","ヒマバット","Himavat",
"52","agra","agra","1-2","ヒント","tip",
"954","bhīṣma","bhīṣma","1-2","ビシュマ","Bhishma",
"1240","viṣṭa","viṣṭa","1-2","ビスト","Vist",
"949","bhid","bhid","3s","ビッド","Bhid",
"1216","vināyaka","vināyaka","1-2","ビナヤック","Vinayak",
"1504","spṛdh","spṛdh","3s","ビビッド","Sprudh",
"952","bhīma","bhīma","1-2","ビム","Bhim",
"890","babhru","babhru","4u","ビーバー","Beaver",
"1210","vidūṣaka","vidūṣaka","1-2","ピエロ","clown",
"797","piśaṅga","piśaṅga","1-2","ピシャン","Pishang",
"795","pitṛyāṇa","pitṛyāṇa","1-2","ピトリヤヤナ","Pitriyayana",
"774","pavitra","pavitra","1-2","ピュア","pure",
"1319","śuddha","śuddha","1-2","ピュア","Pure",
"779","pāṭala","pāṭala","1-2","ピンク","pink",
"800","pīna","pīna","1-2","ピーン","Peen",
"1209","vitta","vitta","1-2","ファイナンス","finance",
"1173","vara","vara","1-2","フィアンセ","fiance",
"884","phiraṅgin","phiraṅgin","3n","フィランギン","Firangin",
"1556","hṛta","hṛta","1-2","フリット","Hrit",
"1045","maitreya","maitreya","1-2","フレンドリー","friendly",
"856","pravaha","pravaha","1-2","フロー","Flow",
"1555","hūta","hūta","1-2","フート","Hoot",
"955","bhugna","bhugna","1-2","ブグナ","Bhugna",
"916","bradhna","bradhna","1-2","ブラッドナ","Bradhna",
"919","brāhma","brāhma","1-2","ブラフマ","Brahma",
"921","brāhmi","brāhmi","3i","ブラフミ","Brahmi",
"920","brāhmaṇa","brāhmaṇa","1-2","ブラミンズ","Brahmins",
"912","bṛhant","bṛhant","3con","ブラント","Brhant",
"958","bhūri","bhūri","3i","ブリー","Bhuri",
"1256","vṛṣabha","vṛṣabha","1-2","ブル","bull",
"1427","sāṇḍa","sāṇḍa","1-2","ブル","Bull",
"1255","vṛṣan","vṛṣan","3n","ブル","bull",
"925","bhañjaka","bhañjaka","1-2","ブレーカ","Breaker",
"812","puṣkarin","puṣkarin","3n","プシュカリン","Pushkarin",
"813","puṣkala","puṣkala","1-2","プシュカル","Pushkal",
"816","pūti","pūti","3i","プティ","Puti",
"802","putrakāma","putrakāma","1-2","プトラカマ","Putrakama",
"720","nija","nija","1-2","プライベート","Private",
"834","praügya","praügya","1-2","プラウギャ","Praugya",
"861","prākṛta","prākṛta","1-2","プラクリット","Prakrit",
"839","prajñātman","prajñātman","3n","プラジナトマン","Prajnatman",
"838","prajākāma","prajākāma","1-2","プラジャカム","Prajakam",
"810","pulasti","pulasti","3i","プラスティ","Pulasti",
"860","prasvinna","prasvinna","1-2","プラスヴィン","Prasvinn",
"837","pracetas","pracetas","3con","プラチェタス","Prachetas",
"804","purāṇa","purāṇa","1-2","プラナ","Puranas",
"879","praiṇāna","praiṇāna","1-2","プラナン","Prainan",
"864","prāṇin","prāṇin","3n","生活","life",
"852","pramatta","pramatta","1-2","促す","Prompt",
"853","pramādin","pramādin","3n","プラマディン","Pramadin",
"882","plavaṃga","plavaṃga","1-2","浮力","buoyant",
"803","puraṃdhi","puraṃdhi","3i","プランディ","Purandhi",
"822","pṛdākusānu","pṛdākusānu","4u","プリダクサヌ","pridakusanu",
"805","puru","puru","4u","プル","Puru",
"809","pulakita","pulakita","1-2","プルキット","Pulkit",
"821","pṛthu","pṛthu","4u","プルトゥ","Pruthu",
"874","prī","pri","3i","プレ","Pre",
"1395","sama","sama","1-2","プレーン","plain",
"866","prātirūpika","prātirūpika","1-2","プロトタイプ","Prototypical",
"708","nāga","nāga","1-2","ヘビ","The snake",
"1410","sarpa","sarpa","1-2","ヘビ","snake",
"1420","sahāya","sahāya","1-2","ヘルプ","Help",
"823","pṛṣat","pṛṣat","3con","ページ","Prisht",
"1326","śṛṅgin","śṛṅgin","1-2","ホーンギン","horngin",
"889","bandhana","bandhana","1-2","ボンデージ","Bondage",
"741","nīta","nīta","1-2","ポリシー","Policy",
"1190","vahya","vahya","1-2","ポータブル","Portable",
"687","dhruva","dhruva","1-2","ポール","Dhruv",
"758","parākramī","parākrami","3i","マイティ","Mighty",
"902","bāla","bāla","1-2","マイナー","minor",
"965","makṣū","makṣū","4u","マクシュ","Makshu",
"966","magna","magna","1-2","マグン","Magn",
"1010","mādhavīya","mādhavīya","1-2","マダビヤ","Madhaviya",
"1009","mādhava","mādhava","1-2","マダブ","Madhav",
"973","madana","madana","1-2","マダン","Madan",
"972","matta","matta","1-2","マット","Matt",
"1011","mānasa","mānasa","1-2","マナス","Manas",
"980","manu","manu","4u","マヌー","Manu",
"983","manohara","manohara","1-2","マノハール","Manohar",
"995","mahātman","mahātman","3n","マハトマン","Mahatman",
"1003","mahāvīrau","mahāvīrau","3con","マハビラウ","Mahavirau",
"999","mahāvīra","mahāvīra","1-2","マハビル","Mahavir",
"997","mahāprāṇa","mahāprāṇa","1-2","マハプラナ","Mahaprana",
"1001","mahāvīram","mahāvīram","1-2","マハベラム","Mahaveerm",
"994","maharddhika","maharddhika","1-2","マハルディカ","Mahardhika",
"1046","momugha","momugha","1-2","ママ","Momugh",
"1017","mālava","mālava","1-2","マラバ","Malava",
"989","malīyas","malīyas","3con","マリアス","Malias",1
"1018","mālin","mālin","3n","マリン","Malin",
"990","malha","malha","1-2","マル","Malh",
"1015","māruka","māruka","1-2","マルク","Maruk",
"1006","māṅgalika","māṅgalika","1-2","マンガリック","Mangalik",
"968","mañjiṣṭha","mañjiṣṭha","1-2","マンジシュタ","Manjishta",
"970","mañjula","mañjula","1-2","マンジュール","Manjul",
"1007","māṇḍalika","māṇḍalika","1-2","マンダリック","Mandalik",
"971","maṇḍala","maṇḍala","1-2","マンダル","Mandal",
"991","maha","maha","1-2","マー","Mah",
"1005","mah","magh","3s","マー","Mah",
"55","aṅkita","aṅkita","1-2","マークされた","marked",
"1021","miśra","miśra","1-2","ミシュラ","Mishra",
"1031","mūka","mūka","1-2","ミュート","mute",
"427","kṣīrada","kṣīrada","1-2","ミルキー","Milky",
"1025","mīl̤huṣṭama","mīl̤huṣṭama","1-2","ミルフシュタム","Milhushtam",
"1022","mīḍha","mīḍha","1-2","ミード","Meedha",
"1030","muṇḍa","muṇḍa","1-2","ムンド","Mund",
"1033","mūra","mūra","1-2","ムーア","Moore",
"486","candra","candra","1-2","ムーン","The moon",
"489","cāndra","cāndra","1-2","ムーン","The moon",
"1335","ścandra","ścandra","1-2","ムーン","The moon",
"1013","māyin","māyin","3n","メイイン","Mayin",
"1042","medhāvin","medhāvin","3n","メダビン","Medhavin",
"82","adruh","adrudh","3s","メロドラマティック","Adruh",
"1012","mānasika","mānasika","1-2","メンタル","mental",
"222","ādhunika","ādhunika","1-2","モダン","modern",
"1047","mohana","mohana","1-2","モハン","Mohan",
"1052","yaj","yaj","3s","ヤジ","Yaj",
"1050","yajata","yajata","1-2","ヤジャット","Yajat",
"1061","yātayāma","yātayāma","1-2","ヤタヤム","Yatayam",
"1064","yādava","yādava","1-2","ヤダブ","Yadav",
"1060","yāta","yāta","1-2","ヤット","Yat",
"1057","yahu","yahu","4u","ヤフ","Yahu",
"1055","yantṛ","yantṛ","3r","ヤントリ","Yantri",
"1058","yahva","yahva","1-2","ヤーウェ","Yahweh",
"1069","yugman","yugman","3n","ユグマン","Yugman",
"1070","yuta","yuta","1-2","ユット","Yut",
"1443","siṃhāsya","siṃhāsya","1-2","ライオンの顔","Lion's face",
"1158","laukya","laukya","1-2","ラウキャ","Laukya",
"1133","raudra","raudra","1-2","ラウドラ","Raudra",
"1082","rakṣohan","rakṣohan","3n","ラクショハン","Rakshohan",
"1135","lagna","lagna","1-2","ラグナ","Lagna",
"1083","raghu","raghu","4u","ラグー","Raghu",
"1098","rājana","rājana","1-2","ラジャン","Rajan",
"1101","rāddha","rāddha","1-2","ラダ","Raddha",
"468","goda","goda","1-2","ラップ","Lap",
"1089","rathī","rathi","3i","ラティ","Rathi",
"1102","rādhya","rādhya","1-2","ラディア","Radhya",
"1077","raṃhas","raṃhas","3con","ラハンス","Ranhs",
"1127","raivata","raivata","1-2","ラバット","Raivat",
"1090","ramaṇa","ramaṇa","1-2","ラマン","Raman",
"1145","lālasa","lālasa","1-2","ララス","Lalas",
"1142","lalita","lalita","1-2","ラリット","Lalit",
"1084","raṅgin","raṅgin","3n","ランギン","Rangin",
"1137","laṅga","laṅga","1-2","ラング","Lang",
"1152","laiṅga","laiṅga","1-2","ラング","Lang",
"1087","rañjita","rañjita","1-2","ランジット","Ranjit",
"1086","rañjana","rañjana","1-2","ランジャン","Ranjan",
"1144","lāñchita","lāñchita","1-2","ランチット","Lanchit",
"1088","raṇḍa","raṇḍa","1-2","ランド","Rand",
"1141","lambodara","lambodara","1-2","ランボダー","Lambodar",
"1112","riśādas","riśādas","3con","リシャッド","Rishads",
"1113","riṣṭa","riṣṭa","1-2","リシュト","Risht",
"324","ṛṣva","ṛṣva","1-2","リシュバ","Rishva",
"312","ṛjipya","ṛjipya","1-2","リジピア","Rijipya",
"320","ṛtāvan","ṛtāvan","1-2","リタバン","Ritavan",
"321","ṛddha","ṛddha","1-2","リッダ","Riddha",
"215","āḍhya","āḍhya","1-2","リッチ","rich",
"668","dhanāḍhya","dhanāḍhya","1-2","リッチ","rich",
"669","dhanika","dhanika","1-2","リッチ","rich",
"670","dhanin","dhanin","3n","リッチ","Rich",
"322","ṛbhu","ṛbhu","4u","リブー","Ribhu",
"1107","ripughātin","ripughātin","3n","リプガチン","Ripughatin",
"1108","ripughna","ripughna","1-2","リプーナ","Ripughna",
"519","jihvāmūlīya","jihvāmūlīya","1-2","リンガルルート","lingual root",
"1147","lih","lidh","3s","リー","Lih",
"745","netṛ","netṛ","3r","リーダー","Leader",
"1114","rīl̤ha","rīl̤ha","1-2","リール","Reelh",
"1119","rudra","rudra","1-2","ルドラ","Rudra",
"1132","raukma","raukma","1-2","ルークム","Roukm",
"641","dūl̤abha","dūl̤abha","1-2","レア","rare",
"1093","rayi","rayi","3i","レイ","Rayi",
"1492","starya","starya","1-2","レベル","level",
"1130","rocana","rocana","1-2","ロチャン","Rochan",
"566","tāla","tāla","1-2","ロック","lock",
"355","kamala","kamala","1-2","ロータス","Lotus",
"1128","roca","roca","1-2","ローチ","Roach",
"942","bhāra","bhāra","1-2","ロード","load",
"563","tāra","tāra","1-2","ワイヤー","Wire",
"1272","vaiśya","vaiśya","1-2","ヴァイシャ","Vaishya",
"1274","vaiṣṇava","vaiṣṇava","1-2","ヴァイシュナヴァ","Vaishnava",
"1264","vaitāna","vaitāna","1-2","給料","salary",
"1267","vaideha","vaideha","1-2","ヴァイデ","Vaideh",
"1270","vairocana","vairocana","1-2","ヴァイロちゃん","Vairochan",
"1160","vagnu","vagnu","4u","ワグヌ","wagnu",
"1186","vasiṣṭha","vasiṣṭha","1-2","Vasistha","Vasistha",
"1184","vaṣṭi","vaṣṭi","3i","雨","rain",
"1164","vajra","vajra","1-2","落雷","thunderbolt",
"1165","vajrahasta","vajrahasta","1-2","落雷","thunderbolt",
"1187","vasu","vasu","4u","ヴァス","Vasu",
"1180","valgu","valgu","4u","ヴルグ","vulgu",
"1162","vaṅkya","vaṅkya","1-2","文","sentence",
"1161","vaṅku","vaṅku","4u","ヴァンク","Vanku",
"1211","vidyācaṇa","vidyācaṇa","1-2","教育","education",
"1266","vaidika","vaidika","1-2","ヴェーダ","Vedic",
"1260","vedavid","vedavid","3s","ヴェーダ学者","Vedic scholar",
"1279","vrāṇa","vrāṇa","1-2","潰瘍","ulcer",
"224","āma","āma","1-2","一般","Common",
"1313","śiṣṭa","śiṣṭa","1-2","丁寧","polite",
"583","tṛtīya","tṛtīya","1-2","三番","Third",
"290","unnata","unnata","1-2","上げた","raised",
"309","ūrdhva","ūrdhva","1-2","上向き","upwards",
"310","ūrdhvaliṅga","ūrdhvaliṅga","1-2","上肢","Upper Limb",
"723","nimna","nimna","1-2","下","Below",
"1124","rekhāṅkita","rekhāṅkita","1-2","下線付き","Underlined",
"126","aparyāpta","aparyāpta","1-2","不十分","Insufficient",
"183","aśubha","aśubha","1-2","不吉","Ominous",
"56","acara","acara","1-2","不変","Immutable",
"204","asthira","asthira","1-2","不安定","Unstable",
"1306","śikyākṛta","śikyākṛta","1-2","不平を言った","complained of",
"463","gūḍha","gūḍha","1-2","不思議な","Mysterious",
"142","amara","amara","1-2","不滅","Immortal",
"176","avināśya","avināśya","1-2","不滅","Indestructible",
"636","durlabha","durlabha","1-2","不足している","scarce",
"655","daiya","daiya","1-2","与える","gives",
"1237","viśva","viśva","1-2","世界","World",
"502","jagat","jagat","3con","世界","The world",
"1283","śatābda","śatābda","1-2","世紀","century",
"300","ubhaya","ubhaya","1-2","両方","Both",
"301","ubhau","ubhau","double","両方","both",
"198","asādhāraṇa","asādhāraṇa","1-2","並外れた","Extraordinary",
"1231","vilakṣaṇa","vilakṣaṇa","1-2","並外れた","extraordinary",
"978","madhyama","madhyama","1-2","中くらい","medium",
"851","prabhu","prabhu","4u","主","Lord",
"848","pradhāna","pradhāna","1-2","主要","Principal",
"867","prāthamika","prāthamika","1-2","主要な","primary",
"38","akṣobha","akṣobha","1-2","乱されていない","unperturbed",
"784","pāyasa","pāyasa","1-2","乳剤","emulsion",
"662","dvaya","dvaya","1-2","二","Two",
"666","dvaimātura","dvaimātura","1-2","二元論","Dvaimatur",
"523","jīvana","jīvana","1-2","人生","Life",
"981","manuṣya","manuṣya","1-2","人間","Human beings",
"208","āgāmin","āgāmin","3n","今後の予定","Forthcoming",
"64","aja","aja","1-2","今日","Today",
"211","āja","āja","1-2","今日","Today",
"906","buddha","buddha","1-2","仏","Buddha",
"383","kārya","kārya","1-2","仕事","task",
"254","itara","itara","1-2","他の","other",
"299","upānta","upānta","1-2","付録","Appendix",
"979","madhyastha","madhyastha","1-2","仲介者","The intermediary",
"1384","sadṛkṣa","sadṛkṣa","1-2","似ている","Similar",
"1385","sadṛśa","sadṛśa","1-2","似ている","Similar",
"1386","sadṛś","sadṛś","3s","似ている","Similar",
"1498","sthita","sthita","1-2","位置した","Located",
"740","nīca","nīca","1-2","低く","lowly",
"1185","vasati","vasati","3i","住む","lives in",
"1168","vapuṣa","vapuṣa","1-2","体","Body",
"1483","sṛṣṭa","sṛṣṭa","1-2","作成した","Created",
"521","jīrṇa","jīrṇa","1-2","使い古した","Worn out",
"294","upayoginī","upayoginī","3i","使える","Useful",
"295","upayogin","upayogin","3n","使える","Useful",
"1038","mūlya","mūlya","1-2","価格","price",
"590","tvarita","tvarita","1-2","促す","prompt",
"1365","saṃrakṣita","saṃrakṣita","1-2","保守的","conservative",
"411","krīḍa","krīḍa","1-2","信条","Creed",
"248","āstika","āstika","1-2","信者","The believer",
"922","bhakta","bhakta","1-2","信者","devotee",
"1325","śūśujāna","śūśujāna","1-2","修州ジャン","Shushujan",
"315","ṛṇa","ṛṇa","1-2","借金","debt",
"992","mahat","mahat","3con","偉大な","Great",1
"1000","mahāvīraḥ","mahāvīraḥ","1-2","偉大な英雄","The great hero",
"1002","mahāvīrāḥ","mahāvīrāḥ","1-2","偉大な英雄","The great heroes",
"1523","svastha","svastha","1-2","健康","Healthy",
"380","kāraka","kāraka","1-2","側面","aspect",
"685","dhṛṣṭa","dhṛṣṭa","1-2","傲慢","arrogant",
"316","ṛṇinī","ṛṇinī","3i","債務者","Debtor",
"318","ṛṇī","ṛṇī","3i","債務者","Debtor",
"317","ṛṇin","ṛṇin","3n","債務者","Debtor",
"250","āhata","āhata","1-2","傷つく","Hurt",
"319","ṛta","ṛta","1-2","儀式","Rit",
"282","udāra","udāra","1-2","優しい","Generous",
"1041","mṛdula","mṛdula","1-2","優しい","gentle",
"1489","saumya","saumya","1-2","優しい","Gentle",
"1501","stheṣṭha","stheṣṭha","1-2","優れました","Stheshta",
"175","avidvas","avidvas","1-2","優柔不断","Avidvas",
"274","uttama","uttama","1-2","優秀な","Excellent",
"1422","sahodara","sahodara","1-2","兄弟","sibling",
"932","bharaṇa","bharaṇa","1-2","充填","Filling",
"733","nirmukta","nirmukta","1-2","免除","Exempt",
"1502","snāta","snāta","1-2","入浴","Bathe",
"1411","sarva","sarva","1-2","全て","All",
"1485","sainika","sainika","1-2","兵隊","Soldiers",
"1251","vṛtta","vṛtta","1-2","円形","round",
"845","pratyutpanna","pratyutpanna","1-2","再現","Reproduced",
"1277","vyartha","vyartha","1-2","冗長","redundant",
"493","citra","citra","1-2","写真","picture",
"1310","śiśira","śiśira","1-2","冬","Winter",
"732","nirmama","nirmama","1-2","冷酷","Ruthless",
"288","udvartana","udvartana","1-2","出現","Emergence",
"71","aṇu","aṇu","4u","分子","Molecules",
"1","aṃśaka","aṃśaka","1-2","分母","Denominator",
"370","kāṭa","kāṭa","1-2","切る","Cut",
"500","chinna","chinna","1-2","切る","cut",
"272","ucchinna","ucchinna","1-2","切断されました","Disconnected",
"1208","vicchinna","vicchinna","1-2","切断されました","Disconnected",
"847","prathama","prathama","1-2","初め","First",
"1261","vaikalpika","vaikalpika","1-2","別","alternative",
"296","upalabdha","upalabdha","1-2","利用可能","Available",
"950","bhinna","bhinna","1-2","刺す","stab",
"1328","śeva","śeva","1-2","剃る","Shave",
"820","pūrva","pūrva","1-2","前の","former",
"892","bala","bala","1-2","力","force",
"7","akaniṣṭha","akaniṣṭha","1-2","劣る","Inferior",
"84","adhama","adhama","1-2","劣る","inferior",
"1553","hīna","hīna","1-2","劣る","inferior",
"396","kuśala","kuśala","1-2","効率的","efficient",
"13","akārya","akārya","1-2","動作不能","Inoperable",
"775","paśavya","paśavya","1-2","動物","Animals",
"517","jita","jita","1-2","勝つ","Jit",
"508","jaya","jaya","1-2","勝つ","win",
"520","jīta","jīta","1-2","勝利","Victory",
"163","arpaṇa","arpaṇa","1-2","募集","Offering",
"1097","rākṣasa","rākṣasa","1-2","化け物","The monster",
"275","uttara","uttara","1-2","北","north",
"265","īśāna","īśāna","1-2","北東","Northeast",
"607","daśama","daśama","1-2","十","ten",
"1475","susaṃskṛta","susaṃskṛta","1-2","十分な教育を受けた","Well-educated",
"1418","sahasra","sahasra","1-2","千","Thousand",
"161","ardha","ardha","1-2","半分","half",
"1441","sārdha","sārdha","1-2","半分","half",
"65","ajara","ajara","1-2","半開き","Ajar",
"597","dakṣiṇa","dakṣiṇa","1-2","南","south",
"619","diṅmukha","diṅmukha","1-2","南向き","South-faced",
"610","dākṣiṇya","dākṣiṇya","1-2","南部性","Southernity",
"1405","sarala","sarala","1-2","単純","Simple",
"1430","sādhāra","sādhāra","1-2","単純","Simple",
"28","akliṣṭa","akliṣṭa","1-2","単純な","Uncomplicated",
"328","ekāsanika","ekāsanika","1-2","単調","Ekasnic",
"327","ekārtha","ekārtha","1-2","単音節","monosyllabic",
"457","gāḍha","gāḍha","1-2","厚い","thick",
"507","janya","janya","1-2","原動力","generative",
"737","niṣkāraṇa","niṣkāraṇa","1-2","原因なし","without cause",
"220","ādima","ādima","1-2","原生的","Primitive",
"346","kaṭhora","kaṭhora","1-2","厳しい","strict",
"1167","vadhri","vadhri","3i","去勢された,emasculated, 男らしくない","castrated, emasculated, unmanly",
"298","upasthasad","upasthasad","3con","参加者","Upasthasad",
"1125","repha","repha","1-2","参照","Ref",
"1218","vipakṣa","vipakṣa","1-2","反対","Opposition",
"1360","saṃmukha","saṃmukha","1-2","反対","Opposite",
"1404","sammukha","sammukha","1-2","反対","Opposite",
"575","tucchya","tucchya","1-2","取るに足らない","insignificant",
"1139","labdha","labdha","1-2","取得","Obtained",
"862","prācīna","prācīna","1-2","古代","Ancient",
"285","udgūrṇa","udgūrṇa","1-2","叫んだ","exclaimed",
"504","jaṅgama","jaṅgama","1-2","可動","movable",
"75","atīta","atīta","1-2","合格した","passed",
"1463","sumna","sumna","1-2","合計","Sumn",
"1398","samāna","samāna","1-2","同じ","same",
"765","pariviṣṭa","pariviṣṭa","1-2","同封","Enclosed",
"579","tulya","tulya","1-2","同等","Equivalent",
"748","nema","nema","1-2","名前","Name",
"714","nāmaka","nāmaka","1-2","名前付き","named",
"843","pratiṣṭhita","pratiṣṭhita","1-2","名門","Prestigious",
"1399","samāviṣṭa","samāviṣṭa","1-2","含まれています","Included",
"1421","sahita","sahita","1-2","含む","including",
"556","tallīna","tallīna","1-2","吸収された","Absorbed",
"595","tveṣya","tveṣya","1-2","味","Tveshya",
"1116","ruci","ruci","3i","味","taste",
"1346","śvasana","śvasana","1-2","呼吸","Respiration",
"1347","śvasita","śvasita","1-2","呼吸","breathing",
"442","khila","khila","1-2","咲く","Bloom",
"1332","śokākula","śokākula","1-2","哀愁","mournful",
"85","adhara","adhara","1-2","唇","lips",
"340","oṣṭhya","oṣṭhya","1-2","唇","lips",
"914","bodhana","bodhana","1-2","啓発","Enlightenment",
"347","kaṇṭhya","kaṇṭhya","1-2","喉","Throat",
"1543","harṣita","harṣita","1-2","喜んで","Delighted",
"1331","śoka","śoka","1-2","喪","mourning",
"642","dṛḍha","dṛḍha","1-2","固い","Firm",
"796","pinaddha","pinaddha","1-2","固定","pinned",
"652","deśya","deśya","1-2","国","Country",
"1104","rāṣṭrīya","rāṣṭrīya","1-2","国籍","nationality",
"118","antārāṣṭriya","antārāṣṭriya","1-2","国際的","International",
"244","āviṣṭa","āviṣṭa","1-2","圧倒する","overwhelmed",
"787","pārthiva","pārthiva","1-2","地上","Earthly",
"715","nāraka","nāraka","1-2","地獄","Hell",
"964","bhauma","bhauma","1-2","地球","Earth",
"931","bhara","bhara","1-2","塗りつぶし","fill",
"1143","lavaṇa","lavaṇa","1-2","塩","Salt",
"1254","vṛddha","vṛddha","1-2","増加","increased",
"923","bhagna","bhagna","1-2","壊れた","Broken",
"939","bhavya","bhavya","1-2","壮大","magnificent",
"869","prāpya","prāpya","1-2","売掛金","Receivable",
"763","parivartana","parivartana","1-2","変化する","Change",
"764","parivartita","parivartita","1-2","変換された","Converted",
"474","graiṣma","graiṣma","1-2","夏","Summer",
"905","bāhya","bāhya","1-2","外部の","external",
"897","bahula","bahula","1-2","多くの","plenty",1
"1221","vipula","vipula","1-2","多くの","a lot",
"1029","muc","muc","3s","多くの","Much",
"1044","meya","meya","1-2","多分","Maybe",
"895","bahuka","bahuka","1-2","多数","Multiple",1
"894","bahu","bahu","4u","多数","Multiple",1
"1301","śāma","śāma","1-2","夜","Evening",
"1100","rāti","rāti","3i","夜","Night",
"911","bṛhat","bṛhat","1-2","大きい","large",
"1166","vaḍra","vaḍra","1-2","大きい, 偉大な ","large, great ",
"880","prauḍha","prauḍha","1-2","大人","Adults",
"827","poṣita","poṣita","1-2","大切に","cherished",
"917","brahmāṇḍa","brahmāṇḍa","1-2","大宇宙","The universe",
"730","nirbhaya","nirbhaya","1-2","大胆不敵","Fearless",
"1245","vītabhīti","vītabhīti","3i","大胆不敵","Fearlessness",
"1519","svargya","svargya","1-2","天気","Heaven",
"219","āditya","āditya","1-2","太陽","The sun",
"1387","sana","sana","1-2","太陽","Sun",
"1482","sūrya","sūrya","1-2","太陽","sun",
"1490","saura","saura","1-2","太陽","Solar",
"1491","saurya","saurya","1-2","太陽","Solar",
"1271","vaivāhika","vaivāhika","1-2","夫婦","Marital",
"1222","viphala","viphala","1-2","失敗した","Failed",
"135","abhadra","abhadra","1-2","失礼","Rude",
"1036","mūrchana","mūrchana","1-2","失神","fainting",
"408","kautukin","kautukin","3n","奇妙","Curious",
"1207","vicitra","vicitra","1-2","奇妙な","queer",
"460","guṇajña","guṇajña","1-2","好意的","virtuous",
"455","garbhadhārita","garbhadhārita","1-2","妊娠中","Pregnant",
"456","garbhiṇī","garbhiṇi","3i","妊娠中","pregnant",
"1393","sabhārya","sabhārya","1-2","妻","Wife",
"47","aguṇa","aguṇa","1-2","始めた","Agun",
"593","tveṣanṛmṇa","tveṣanṛmṇa","1-2","嫉妬","Tveshanrimn",
"261","īrṣita","īrṣita","1-2","嫉妬","Jealous",
"262","īrṣu","īrṣu","4u","嫉妬","Jealousy",
"263","īrṣyu","īrṣyu","4u","嫉妬","Jealousy",
"903","bāliśa","bāliśa","1-2","子供っぽい","Childish",
"94","anātha","anātha","1-2","孤児","Orphan",
"1214","vidvān","vidvān","3n","学者","The scholar",
"1295","śasta","śasta","1-2","安いです","Cheap",
"736","niṣatta","niṣatta","1-2","安全","Niṣatta",
"1497","sthāvara","sthāvara","1-2","安定","stable",
"1499","sthira","sthira","1-2","安定","Stable",
"1495","sthāṇu","sthāṇu","4u","安定","Stable",
"1359","saṃpanna","saṃpanna","1-2","完了","Completed",
"677","dhārmika","dhārmika","1-2","宗教的","religious",
"467","gṛhya","gṛhya","1-2","家庭","household",
"242","āvasathya","āvasathya","1-2","宿泊施設","Accommodation",
"505","jaṅgala","jaṅgala","1-2","密林","Jungle",
"513","jāṅgala","jāṅgala","1-2","密林","Jungle",
"1341","śrī","śri","3i","富","wealth",
"974","madira","madira","1-2","寺","Temple",
"984","mandara","mandara","1-2","寺","Temple",
"1425","sāṃvādika","sāṃvādika","1-2","対応者","Correspondent",
"1230","virodhin","virodhin","3n","対戦相手","The opponents",
"1073","yogya","yogya","1-2","対象","eligible",
"1235","viśeṣajña","viśeṣajña","1-2","専門家","Experts",
"937","bhavitavya","bhavitavya","1-2","将来","future",
"938","bhaviṣya","bhaviṣya","1-2","将来","future",
"824","pṛṣṭa","pṛṣṭa","1-2","尋ねた","asked",
"170","alpa","alpa","1-2","小さい、若い","small, little, young",
"574","tuccha","tuccha","1-2","小さな","tiny",
"1136","laghu","laghu","4u","小さな","small",
"1554","huta","huta","1-2","小屋","Hut",
"266","īṣat","īṣat","3con","少し","Slightly",
"308","ūna","ūna","1-2","少ない","fewer",
"243","āvāsika","āvāsika","1-2","居住の","Residential",
"769","parvata","parvata","1-2","山","mountain",
"868","prānta","prānta","1-2","州","Province",
"1099","rājya","rājya","1-2","州","State",
"1198","vāma","vāma","1-2","左","Left",
"1414","savya","savya","1-2","左","Left",
"1233","viśāla","viśāla","1-2","巨大","Huge",
"424","kṣālita","kṣālita","1-2","希釈","diluted",
"1534","hata","hata","1-2","帽子","Hat",
"1179","varṣa","varṣa","1-2","年","year",
"1278","vyṛddha","vyṛddha","1-2","年","old",
"227","āyu","āyu","4u","年","Age",
"1448","sukha","sukha","1-2","幸福","Happiness",
"1472","suśrapa","suśrapa","1-2","幸運を","Sushrap",
"1473","suśravas","suśravas","3con","幸運を","Sushravas",
"1311","śiśu","śiśu","4u","幼児","toddler",
"1330","śaiśava","śaiśava","1-2","幼児期","Infancy",
"876","preta","preta","1-2","幽霊","ghost",
"957","bhūtamaya","bhūtamaya","1-2","幽霊のような","Ghostly",
"1493","stīrṇa","stīrṇa","1-2","広げた","splayed",
"1205","vikaṭa","vikaṭa","1-2","廃止","obsolete",
"633","durbala","durbala","1-2","弱い","Weak",
"728","nirbala","nirbala","1-2","弱い","Weak",
"582","tṛḍha","tṛḍha","1-2","強い","Tridh",
"1178","vardhana","vardhana","1-2","強化","Enhancement",
"207","ākṛta","ākṛta","1-2","形","Figure",
"506","jana","jana","1-2","彼ら","guys",
"771","palāyin","palāyin","3n","彼らは逃げた","They fled",
"213","ājñākārin","ājñākārin","3n","従順","Obedient",
"1480","sūkṣma","sūkṣma","1-2","微妙","Subtle",
"344","kaṭhinacitta","kaṭhinacitta","1-2","心のこもった","hard-hearted",
"345","kaṭhinahṛdaya","kaṭhinahṛdaya","1-2","心のこもった","Hard-hearted",
"982","manogata","manogata","1-2","心理的","Psychological",
"1557","hṛdaya","hṛdaya","1-2","心臓","Heart",
"241","āvaśyaka","āvaśyaka","1-2","必要とする","require",
"680","dhīrya","dhīrya","1-2","忍耐","Patience",
"419","kroṣṭṛ","kroṣṭṛ","3r","怒り","Crostr",
"392","kupita","kupita","1-2","怒り","Angry",
"417","krodhana","krodhana","1-2","怒り","Anger",
"418","krodhanīya","krodhanīya","1-2","怒り","Angry",
"169","alasa","alasa","1-2","怠惰","Laziness",
"237","ālasa","ālasa","1-2","怠惰","Idleness",
"238","ālasya","ālasya","1-2","怠惰","Idleness",
"749","nyūna","nyūna","1-2","急性","acute",
"1075","yauna","yauna","1-2","性的","Sexual",
"1153","laiṅgika","laiṅgika","1-2","性的","Sexual",
"1115","rugṇa","rugṇa","1-2","怪我した","injured",
"16","akīrtikara","akīrtikara","1-2","恥ずべき","Disgraceful",
"1138","lajjāspada","lajjāspada","1-2","恥ずべき","Shameful",
"1550","hitakāra","hitakāra","1-2","恩人","benefactors",
"20","akṛtajña","akṛtajña","3s","恩知らず","ungrateful",
"815","pūta","pūta","1-2","息子","Son",
"841","pratibuddha","pratibuddha","1-2","悟りを開いた","Enlightened",
"849","prabudh","prabudh","3s","悟りを開いた","Enlightened",
"634","durmati","durmati","3i","悪意のある","ill-intentioned",
"653","daitya","daitya","1-2","悪魔","demon",
"628","duḥkhī","duḥkhi","3i","悲しい","Sad",
"591","tveṣa","tveṣa","1-2","情熱","Tvesh",
"1034","mūrkha","mūrkha","1-2","愚か者","Fools",
"872","priyakāraka","priyakāraka","1-2","愛されし者","beloved",
"875","prīta","prīta","1-2","愛情","Preet",
"946","bhāvita","bhāvita","1-2","感情の","emotional",
"1355","saṃkramita","saṃkramita","1-2","感染した","Infected",
"257","indriya","indriya","1-2","感覚","The senses",
"518","jitendriya","jitendriya","1-2","感覚を征服した","conquered the senses",
"613","dānī","dāni","3i","慈善","charitable",
"108","anuśāsaka","anuśāsaka","1-2","懲戒者","Disciplinarian",
"1392","saphala","saphala","1-2","成功","successful",
"1071","yuddha","yuddha","1-2","戦争","War",
"1074","yodhya","yodhya","1-2","戦士","Warrior",
"34","akṣara","akṣara","1-2","手紙","Letters",
"240","ālocanā","ālocanā","1-2","批判","criticism",
"1276","vyadhikaraṇa","vyadhikaraṇa","1-2","承認","Authorization",
"104","anudātta","anudātta","1-2","承諾する","granted",
"1110","ripra","ripra","1-2","担当者","Ripr",
"1361","saṃyaminī","saṃyamini","3i","拘束","Sanyamini",
"356","kampana","kampana","1-2","振動","Vibration",
"1317","śuci","śuci","3i","掃除","Clean",
"859","prastuta","prastuta","1-2","提示","Presented",
"1194","vātāyana","vātāyana","1-2","換気","Ventilation",
"8","akampya","akampya","1-2","揺るぎない","Unshakable",
"39","akṣobhya","akṣobhya","1-2","揺るぎない","unshakable",
"251","āharaṇa","āharaṇa","1-2","撤退","Withdrawal",
"588","trāṇa","trāṇa","1-2","救い","Salvation",
"1106","ripu","ripu","4u","敵","The enemy",
"1300","śābdika","śābdika","1-2","文字通り","Literally",
"1191","vāṅmaya","vāṅmaya","1-2","文学","Literary",
"1269","vaiyākaraṇa","vaiyākaraṇa","1-2","文法","Grammar",
"777","pāka","pāka","1-2","料理","cooking",
"297","upavāsa","upavāsa","1-2","断食","Fasting",
"699","nava","nava","1-2","新しい","New",
"744","nūtana","nūtana","1-2","新しい","New",
"703","navodita","navodita","1-2","新人","Newcomer",
"621","dina","dina","1-2","日","Day",
"1503","spaṣṭa","spaṣṭa","1-2","明らかに","Clearly",
"273","ujjvala","ujjvala","1-2","明るい","Bright",
"362","kala","kala","1-2","明日 ","Tomorrow",
"365","kalya","kalya","1-2","明日 ","Tomorrow",
"384","kāla","kāla","1-2","時間","Time",
"385","kālayukta","kālayukta","1-2","時限","Timed",
"1431","sādhāraṇa","sādhāraṇa","1-2","普通","Ordinary",
"1438","sāmānya","sāmānya","1-2","普通","ordinary",
"99","anitya","anitya","1-2","普通でない","unusual",
"306","uṣṇa","uṣṇa","1-2","暖かい","Warm",
"1337","śyāva","śyāva","1-2","暗い","Shyav",
"688","dhvānta","dhvānta","1-2","暗闇","Darkness",
"268","ugra","ugra","1-2","暴力的","violent",
"681","dhuni","dhuni","3i","曲","The tune",
"391","kuṭila","kuṭila","1-2","曲がった","Crooked",
"1151","lekhana","lekhana","1-2","書き込み","writing",
"221","ādya","ādya","1-2","最初","The first",
"993","mahattama","mahattama","1-2","最大","The greatest",
"115","antama","antama","1-2","最後のもの","The last one",
"701","navīna","navīna","1-2","最新","Naveen",
"1344","śreṣṭha","śreṣṭha","1-2","最高の","The best",
"230","ārtava","ārtava","1-2","月経","Artav",
"445","khyāta","khyāta","1-2","有名","Famous",
"858","prasiddha","prasiddha","1-2","有名","Famous",
"1517","svarita","svarita","1-2","有声","Voiced",
"1396","samartha","samartha","1-2","有能","Capable",
"214","āñchita","āñchita","1-2","望ましい","desired",
"258","iṣṭa","iṣṭa","1-2","望ましい","Desired",
"378","kāmya","kāmya","1-2","望ましい","desirable",
"551","taru","taru","4u","木","Tree",
"947","bhāvya","bhāvya","1-2","未来","Future",
"127","aparyuṣita","aparyuṣita","1-2","未熟","unripe",
"1358","saṃdhi","saṃdhi","3i","条約","Treaty",
"426","kṣīṇa","kṣīṇa","1-2","枯渇","depleted",
"388","kālpanika","kālpanika","1-2","架空の","Fictional",
"826","poṣaṇa","poṣaṇa","1-2","栄養","nutrition",
"830","pauṣṭika","pauṣṭika","1-2","栄養を与える","Nourishing",
"825","poṣaka","poṣaka","1-2","栄養素","Nutrients",
"573","tuṅga","tuṅga","1-2","桐","Tung",
"146","amṛta","amṛta","1-2","梨","pear",
"287","uddyota","uddyota","1-2","業界","Uddyot",
"857","prasanna","prasanna","1-2","楽しい","pleasant",
"962","bhogya","bhogya","1-2","楽しい","enjoyable",
"1091","ramaṇīya","ramaṇīya","1-2","楽しい","Delightful",
"1196","vādya","vādya","1-2","楽器","instruments",
"1429","sādhana","sādhana","1-2","楽器","instrument",
"172","avadhāraṇa","avadhāraṇa","1-2","概念","Concept",
"808","pula","pula","1-2","橋","Bridge",
"811","pulla","pulla","1-2","橋","Bridge",
"1484","setu","setu","4u","橋","bridge",
"53","agrima","agrima","1-2","次","next",
"182","aśuddha","aśuddha","1-2","正しくない","Incorrect",
"1122","rūpavat","rūpavat","3con","正式には","Formally",
"1377","saṭīka","saṭīka","1-2","正確","precise",
"1206","vikṛta","vikṛta","1-2","歪","distorted",
"601","dantamūlīya","dantamūlīya","1-2","歯根","Dental root",
"602","dantya","dantya","1-2","歯科","Dental",
"334","aitihāsika","aitihāsika","1-2","歴史的","Historical",
"1039","mṛta","mṛta","1-2","死","dead",
"173","avaśin","avaśin","3n","残差","Avshin",
"415","krūra","krūra","1-2","残酷","cruel",
"1536","han","han","3s","殺す","kill",
"1008","mātula","mātula","1-2","母方の叔父","Maternal uncle",
"654","dainika","dainika","1-2","毎日","Daily",
"721","nitya","nitya","1-2","毎日","Everyday",
"1537","hara","hara","1-2","毎日","Every",
"1019","māsika","māsika","1-2","毎月","Monthly",
"1435","sāptāhika","sāptāhika","1-2","毎週","Weekly",
"1239","viṣa","viṣa","1-2","毒","poison",
"1121","rūpaka","rūpaka","1-2","比喩","Metaphor",
"236","ālaṃkārika","ālaṃkārika","1-2","比喩的","figurative",
"76","atulya","atulya","1-2","比類のない","Incomparable",
"131","apratima","apratima","1-2","比類のない","Unparalleled",
"289","udvigna","udvigna","1-2","気になる","Anxious",
"1035","mūrcchita","mūrcchita","1-2","気絶","Fainted",
"1037","mūrchita","mūrchita","1-2","気絶","Fainted",
"535","jyogaparuddha","jyogaparuddha","1-2","気軽","Jyogaparuddha",
"766","paruṣa","paruṣa","1-2","気難しい","grumpy",
"511","jala","jala","1-2","水","Water",
"782","pānīya","pānīya","1-2","水っぽい","Watery",
"907","budh","budh","3s","水星","Mercury",
"908","budhna","budhna","1-2","水曜日","Wednesday",
"1551","hima","hima","1-2","氷","ice",
"1531","sveda","sveda","1-2","汗","Sweat",
"148","amedhya","amedhya","1-2","汚れた","unclean",
"988","malina","malina","1-2","汚れた","Dirty",
"1117","rud","rud","3s","泣く","cry",
"1236","viśeṣaṇa","viśeṣaṇa","1-2","注射剤","Adjectives",
"1442","sāvadhāna","sāvadhāna","1-2","注意してください","Beware",
"1378","satarka","satarka","1-2","注意深い","cautious",
"835","prakṣālita","prakṣālita","1-2","洗った","Washed",
"817","pūra","pūra","1-2","洪水","Flood",
"901","bāḍha","bāḍha","1-2","洪水","Floods",
"451","gabhasti","gabhasti","3i","流産","Gabhasti",
"836","pracalita","pracalita","1-2","流行している","Prevalent",
"881","plava","plava","1-2","浮く","Float",
"314","ṛjra","ṛjra","1-2","海嶺","Rijra",
"423","kṣālana","kṣālana","1-2","浸出","Leaching",
"734","nirvāṇa","nirvāṇa","1-2","涅槃","Nirvana",
"67","ajīrṇa","ajīrṇa","1-2","消化不良","Indigestion",
"50","agnicit","agnicit","3con","消火器","Agnichit",
"185","aśrumukha","aśrumukha","1-2","涙の顔","Tearful face",
"660","druhvan","druhvan","3n","液体","Druhvan",
"454","gambhīra","gambhīra","1-2","深刻","Serious",
"46","agādha","agādha","1-2","深遠","profound",
"452","gabhīra","gabhīra","1-2","深遠","profound",
"247","āsakta","āsakta","1-2","添付","Attached",
"1366","saṃlagna","saṃlagna","1-2","添付","attached",
"1372","sakta","sakta","1-2","添付","Attached",
"1363","saṃyamī","saṃyami","3i","温和","temperate",
"232","ārdra","ārdra","1-2","湿った","damp",
"21","akṛtārtha","akṛtārtha","1-2","満たされていない","Unfulfilled",
"819","pūrṇa","pūrṇa","1-2","満杯","full",
"885","phulla","phulla","1-2","満杯","Full",
"585","tṛptida","tṛptida","1-2","満足","satisfying",
"846","pratyuṣṭa","pratyuṣṭa","1-2","満足し","Pratyushta",
"584","tṛpta","tṛpta","1-2","満足し","Satisfied",
"761","parituṣṭa","parituṣṭa","1-2","満足し","Satisfied",
"1445","siddha","siddha","1-2","準備","prepared",
"1223","vibhava","vibhava","1-2","潜在的な","potential",
"414","kruddha","kruddha","1-2","激怒","furious",
"203","asecana​","asecana​","1-2","灌漑","Irrigation",
"789","pāvaka","pāvaka","1-2","火","Fire",
"967","maṅgala","maṅgala","1-2","火曜日","Tuesday",
"336","aiśa","aiśa","1-2","灰","Ashes",
"1225","vibhūti","vibhūti","3i","灰","ash",
"255","iddhāgni","iddhāgni","3i","点火","Iddhagni",
"29","akṣata","akṣata","1-2","無傷","Akshat",
"37","akṣuṇṇa","akṣuṇṇa","1-2","無傷","Intact",
"197","asahāya","asahāya","1-2","無力","Helpless",
"181","aśakta","aśakta","1-2","無効","Disabled",
"30","akṣama","akṣama","1-2","無効にする","disable",
"727","nirdoṣa","nirdoṣa","1-2","無垢","Innocent",
"32","akṣaya","akṣaya","1-2","無尽蔵","Inexhaustible",
"33","akṣayya","akṣayya","1-2","無尽蔵","Inexhaustible",
"725","nirarthaka","nirarthaka","1-2","無意味","pointless",
"100","anindriya","anindriya","1-2","無感覚","Insensible",
"194","asaṅkhyeya","asaṅkhyeya","1-2","無数","Innumerable",
"69","ajrya","ajrya","1-2","無知","Ajrya",
"717","nāstika","nāstika","1-2","無神論者","Atheist",
"1080","raktahīna","raktahīna","1-2","無血","bloodless",
"68","ajña","ajña","1-2","無視する","Ignorant",
"97","anārya","anārya","1-2","無視する","Ignorant",
"132","abudhna","abudhna","1-2","無視する","Ignorant",
"689","nagaṇya","nagaṇya","1-2","無視できる","Negligible",
"284","udāsin","udāsin","1-2","無関心","indifferent",
"91","ananta","ananta","1-2","無限","Infinite",
"202","asinva","asinva","1-2","無限大","Asinv",
"179","avyaya","avyaya","1-2","無限大","Infinitive",
"598","dagdha","dagdha","1-2","焦げた","Burnt",
"751","pakva","pakva","1-2","熟した","ripe",
"70","ajvara","ajvara","1-2","熱","Fever",
"536","jvara","jvara","1-2","熱","Fever",
"548","tapta","tapta","1-2","熱い","Hot",
"609","dahana","dahana","1-2","燃焼","Combustion",
"686","dhenu","dhenu","4u","牛","Cow",
"629","dugdha","dugdha","1-2","牛乳","Milk",
"1126","rebha","rebha","1-2","牧師Fr","Rev. Fr",
"1024","mīḍhvas","mīḍhvas","3con","牧草地","Meedhvas",
"1303","śārīrika","śārīrika","1-2","物理的","physical",
"1232","vivādāspada","vivādāspada","1-2","物議を醸す","controversial",
"1440","sāra","sāra","1-2","物質","substance",
"1234","viśeṣa","viśeṣa","1-2","特別な","Special",
"1348","śvāna","śvāna","1-2","犬","The dog",
"124","aparādhin","aparādhin","3n","犯罪者","The criminal",
"1513","svatantra","svatantra","1-2","独立","Independent",
"134","abhakta","abhakta","1-2","献身的ではない","Undevoted",
"1547","hiṃsra","hiṃsra","1-2","獲物","prey",
"1177","vartamāna","vartamāna","1-2","現在","Present",
"12","akāraṇa","akāraṇa","1-2","理由もなく","for no reason",
"976","madhura","madhura","1-2","甘い","Sweet",
"1469","suśevya","suśevya","1-2","甘美な","Sushevya",
"524","jīvita","jīvita","1-2","生きている","alive",
"798","piṣṭa","piṣṭa","1-2","生地","dough",
"522","jīva","jīva","1-2","生物","Organisms",
"473","grāmya","grāmya","1-2","田舎","Rural",
"806","puruṣād","puruṣād","3s","男から","from the man",
"1095","rasika","rasika","1-2","男の子を演じる","Rasik",
"829","pauruṣa","pauruṣa","1-2","男らしさ","Manhood",
"791","pāṣaṇḍa","pāṣaṇḍa","1-2","異端","heresy",
"95","anāpatti","anāpatti","3i","異議なし","No objection",
"420","klānta","klānta","1-2","疲れた","Tired",
"421","klāntamanas","klāntamanas","3con-s","疲れた心","Tired minds",
"27","aklānta","aklānta","1-2","疲れ知らず","tireless",
"1259","vedana","vedana","1-2","痛み","Pain",
"1532","svedana","svedana","1-2","発汗","Sweating",
"271","uccāra","uccāra","1-2","発音","Pronunciation",
"865","prātipada","prātipada","1-2","発音","Pronouns",
"1320","śubhra","śubhra","1-2","白","White",
"1351","śveta","śveta","1-2","白","White",
"675","dhavala","dhavala","1-2","白い","white",
"307","ūḍha","ūḍha","1-2","盗まれた","stolen",
"481","cakṣus","cakṣus","3con-s","目","The eyes",
"1081","raktākṣa","raktākṣa","1-2","目の充血","Red-eyed",
"855","pravara","pravara","1-2","目立つ","Prominent",
"119","andha","andha","1-2","盲目","blind",
"313","ṛju","ṛju","4u","真っ直ぐ","Straight",
"977","madhya","madhya","1-2","真ん中","Middle",
"1373","saca","saca","1-2","真実","True",
"1382","satya","satya","1-2","真実","Truth",
"1459","supta","supta","1-2","眠いです","sleepy",
"1474","suṣupta","suṣupta","1-2","睡眠状態","Dormant",
"532","jñāta","jñāta","1-2","知っていた","knew",
"212","ājāneya","ājāneya","1-2","知らない","I don't know",
"533","jñānin","jñānin","3n","知識がある","Knowledgeable",
"1558","hrasva","hrasva","1-2","短い","Short",
"171","alpaprāṇa","alpaprāṇa","1-2","短命","short-lived",
"1291","śarkara","śarkara","1-2","砂糖","Sugar",
"1333","śodhaka","śodhaka","1-2","研究者","Researcher",
"705","naṣṭa","naṣṭa","1-2","破壊されました","Destroyed",
"706","naṣṭakriya","naṣṭakriya","1-2","破壊的な","Destructive",
"428","kṣuṇṇa","kṣuṇṇa","1-2","破砕されました","crushed",
"814","puṣṭa","puṣṭa","1-2","確認済み","Confirmed",
"672","dhanya","dhanya","1-2","祝福された","blessed",
"623","divya","divya","1-2","神","Divine",
"646","deva","deva","1-2","神","God",
"648","devaputra","devaputra","1-2","神々の息子","Son of the gods",
"807","purohita","purohita","1-2","祭司","priest",
"695","namana","namana","1-2","私たちの敬意","Our salutations",
"1302","śārada","śārada","1-2","秋","Autumn",
"1262","vaijñānika","vaijñānika","1-2","科学的","Scientific",
"1096","rahasya","rahasya","1-2","秘密","secret",
"159","arjita","arjita","1-2","稼いだ","Earned",
"120","anna","anna","1-2","穀物","cereal",
"41","akhaṇḍa","akhaṇḍa","1-2","積分","Integral",
"499","chidra","chidra","1-2","穴","hole",
"498","chid","chid","3s","穴","The hole",
"718","nikta","nikta","1-2","空の","Nikt",
"1105","rikta","rikta","1-2","空所","void",
"1200","vāyu","vāyu","1-2","空気","air",
"1215","vidhāna","vidhāna","1-2","立法","Legislation",
"1155","lola","lola","1-2","笑","Lol",
"1546","hāsya","hāsya","1-2","笑い","laughter",
"192","aṣṭama","aṣṭama","1-2","第8","Eighth",
"665","dvitīya","dvitīya","1-2","第二に","Secondly",
"218","āda","āda","1-2","等","etc",
"1451","sugama","sugama","1-2","簡単","Easy",
"193","asaṃkḷpta","asaṃkḷpta","1-2","簡略化されていない","Unabridged",
"497","cūrṇa","cūrṇa","1-2","粉","Powder",
"986","mardana","mardana","1-2","粉砕","Crushing",
"1500","sthūra","sthūra","1-2","粗い","sthoor",
"1314","śīghra","śīghra","1-2","素早く","Quickly",
"1028","mugdha","mugdha","1-2","素晴らしかった","fascinated",
"928","bhadra","bhadra","1-2","紳士","Gentleman",
"1374","sajjana","sajjana","1-2","紳士","Gentleman",
"114","anta","anta","1-2","終わり","The end",
"399","kṛta","kṛta","1-2","終わり","done",
"231","ārthika","ārthika","1-2","経済的","economic",
"760","pariṇīta","pariṇīta","1-2","結婚","Married",
"1464","suramya","suramya","1-2","絵のように美しい","Picturesque",
"1149","lupta","lupta","1-2","絶滅","extinct",
"1540","harita","harita","1-2","緑","green",
"1541","harit","harit","3con","緑","Green",
"1402","sampādita","sampādita","1-2","編集済み","Edited",
"1159","vakra","vakra","1-2","縮れた","curly",
"1400","samṛddha","samṛddha","1-2","繁栄","Prosperous",
"1401","sampanna","sampanna","1-2","繁栄","prosperous",
"406","komala","komala","1-2","繊細","delicate",
"783","pāpa","pāpa","1-2","罪","Sin",
"166","arhat","arhat","1-2","羅漢","Arhat",
"1092","ramya","ramya","1-2","美しい","Beautiful",
"1334","śobhita","śobhita","1-2","美しい","Beautiful",
"1455","sundara","sundara","1-2","美しい","Beautiful",
"1465","surūpa","surūpa","1-2","美しい","Beautiful",
"1456","sundarī","sundari","3i","美しい","Beautiful",
"510","jarjara","jarjara","1-2","老朽化","Dilapidated",
"371","kāṇa","kāṇa","1-2","耳","Ears",
"1350","śvitra","śvitra","1-2","聖なる","Holy",
"1342","śruta","śruta","1-2","聞いた","heard",
"1339","śravaṇa","śravaṇa","1-2","聴覚","Hearing",
"887","badhira","badhira","1-2","聴覚障がい","deaf",
"951","bhīta","bhīta","1-2","腰抜け","coward",
"1522","svaśva","svaśva","1-2","自己","Swasv",
"1527","svārthinī","svārthini","3i","自己中","selfish",
"1529","svārthī","svārthī","3i","自己中","selfish",
"1528","svārthin","svārthin","3n","自己中","selfish",
"1520","svalaṃkṛta","svalaṃkṛta","1-2","自己装飾","self-adorned",
"205","ahaṃkārin","ahaṃkārin","3n","自慢の","Egotistical",
"1518","svarga","svarga","1-2","至福","bliss",
"477","ghātuka","ghātuka","1-2","致命的","Fatal",
"1549","hita","hita","1-2","興味","Interests",
"303","ullāpana","ullāpana","1-2","興奮","Excitement",
"2000","saṅkupita","saṅkupita","1-2","興奮した","excited, aroused",0
"2001","utthāpita","utthāpita","1-2","興奮した","heated, aroused",0
"1226","vimāna","vimāna","1-2","航空機","Aircraft",
"62","accha","accha","1-2","良い","Good",
"375","kāmalampaṭa","kāmalampaṭa","1-2","艶やかな","Lustful",
"1140","lampaṭa","lampaṭa","1-2","艶やかな","Lustful",
"552","taruṇa","taruṇa","1-2","若い","Young",
"1072","yuvan","yuvan","3n","若い","Young",
"569","tikta","tikta","1-2","苦い","bitter",
"342","kaṭu","kaṭu","4u","苦い","Bitter",
"369","kaṣṭa","kaṣṭa","1-2","苦しむ","Suffering",
"626","duḥkha","duḥkha","1-2","苦しむ","suffer",
"627","duḥkhin","duḥkhin","3n","苦しむ","Suffering",
"210","āṅgla","āṅgla","1-2","英語","English",
"793","piṅgala","piṅgala","1-2","茶色","brown",
"281","udātta","udātta","1-2","荘厳な","sublime",
"915","bodhi","bodhi","3i","菩提","Bodhi",
"1241","viṣṭhita","viṣṭhita","1-2","著名","Distinguished",
"961","bheṣajya","bheṣajya","1-2","薬","Medicine",
"960","bheṣaja","bheṣaja","1-2","薬剤師","Pharmacist",
"1120","rudhira","rudhira","1-2","血","Blood",
"359","karaṇīya","karaṇīya","1-2","行われなければ","to be done",
"229","ārogya","ārogya","1-2","衛生","hygiene",
"1109","ripta","ripta","1-2","裂け目","Ript",
"1375","sajjita","sajjita","1-2","装備","equipped",
"1476","susajjita","susajjita","1-2","装備","Equipped",
"140","abhyalaṃkṛta","abhyalaṃkṛta","1-2","装飾","ornamented",
"168","alaṃkṛta","alaṃkṛta","1-2","装飾","ornamented",
"1397","samalaṃkṛta","samalaṃkṛta","1-2","装飾","embellished",
"959","bhūṣaṇa","bhūṣaṇa","1-2","装飾品","ornaments",
"671","dhanī","dhanī","3i","裕福","wealthy",
"1403","sampūraka","sampūraka","1-2","補完的","Complementary",
"818","pūraka","pūraka","1-2","補足","Supplementary",
"691","nagna","nagna","1-2","裸","Naked",
"899","bahuvrīhi","bahuvrīhi","3i","複数","Plural",
"898","bahuvikalpīya​","bahuvikalpīya​","1-2","複数の選択肢","Multiple choice",
"130","aprati","aprati","3i","複製されていません","Unreplicated",
"776","paścima","paścima","1-2","西","west",
"790","pāścātya","pāścātya","1-2","西部","Western",
"630","durga","durga","1-2","要塞","Fortress",
"245","āvṛta","āvṛta","1-2","覆われている","covered",
"49","agohya","agohya","1-2","見えない","Invisible",
"1453","sudṛś","sudṛś","3s","見える","Sudrish",
"645","dṛṣṭa","dṛṣṭa","1-2","見た","seen",
"1458","supāra","supāra","1-2","見事","Superb",
"643","dṛl̤ha","dṛl̤ha","1-2","視力","Drlh",
"644","dṛśya","dṛśya","1-2","視力","sight",
"1506","smara","smara","1-2","覚えて","Remember",
"1509","smṛta","smṛta","1-2","覚えている","Remembered",
"873","priyasvapna","priyasvapna","1-2","親愛なる夢","Dear dream",
"1505","spṛṣṭa","spṛṣṭa","1-2","触れた","Touched",
"267","ukta","ukta","1-2","言った","said",
"125","aparimāṇa","aparimāṇa","1-2","計り知れない","immense",
"1192","vācaka","vācaka","1-2","記述的","Descriptive",
"31","akṣamya","akṣamya","1-2","許せない","Unforgivable",
"90","ananumeya","ananumeya","1-2","許可されない","Unpermissible",
"106","anumeya","anumeya","1-2","許容される","Permissible",
"1417","sahana","sahana","1-2","許容する","tolerate",
"400","kṛtya","kṛtya","1-2","証書","deed",
"389","kāvya","kāvya","1-2","詩","poem",
"367","kavi","kavi","3i","詩人","poet",
"948","bhāṣita","bhāṣita","1-2","話した","spoken",
"1163","vacana","vacana","1-2","語","Word",
"6","akathita","akathita","1-2","語られない","untold",
"93","anavapṛgṇa","anavapṛgṇa","1-2","説明のつかない","Unexplained",
"180","avyākṛta","avyākṛta","1-2","説明のつかない","Unexplained",
"565","tārkika","tārkika","1-2","論理的","Logical",
"696","namra","namra","1-2","謙虚","Humble",
"1195","vāda","vāda","1-2","議論","Debate",
"1511","syūta","syūta","1-2","財布","purse",
"1154","lobhin","lobhin","3n","貪欲","Lovin",
"394","kulīna","kulīna","1-2","貴族","The nobility",
"896","bahumūlya","bahumūlya","1-2","貴重","Precious",
"167","arhita","arhita","1-2","資格あり","Arhit",
"1494","stuta","stuta","1-2","賞賛","praised",
"323","ṛṣitva","ṛṣitva","1-2","賢さ","Rishitva",
"1067","yukta","yukta","1-2","賢明な","sensible",
"475","ghana","ghana","1-2","質量","mass",
"410","krayya","krayya","1-2","購入可能","Purchasable",
"1078","rakta","rakta","1-2","赤","red",
"785","pāyya","pāyya","1-2","足","Payya",
"379","kāra","kāra","1-2","車","Car",
"1204","vāhana","vāhana","1-2","車両","Vehicles",
"1040","mṛdu","mṛdu","4u","軽度","mild",
"1318","śuc","śuc","3s","輝き","glow",
"226","āyāta","āyāta","1-2","輸入","import",
"840","pratāḍita","pratāḍita","1-2","迫害","persecuted",
"1016","mārga","mārga","1-2","追跡","track",
"877","preṣita","preṣita","1-2","送信済","sent",
"770","palāyita","palāyita","1-2","逃げた","escaped",
"842","pratiloma","pratiloma","1-2","逆","Inverse",
"1220","viparīta","viparīta","1-2","逆行する","reverse",
"1219","viparivartana","viparivartana","1-2","逆転","Reversal",
"1202","vārṣika","vārṣika","1-2","通年","annual",
"724","nirantara","nirantara","1-2","連続","Continuous",
"656","daiva","daiva","1-2","運命","Destiny",
"941","bhāgya","bhāgya","1-2","運命","fate",
"74","atireka","atireka","1-2","過剰","Excess",
"73","atikāya","atikāya","1-2","過剰な体","Excessive body",
"462","guru","guru","4u","達人","Guru",1
"1433","sādhya","sādhya","1-2","達成可能","achievable",
"116","antara","antara","1-2","違い","The difference",
"924","bhaṅga","bhaṅga","1-2","違反","breach",
"639","dūra","dūra","1-2","遠く","far away",
"1289","śaraṇa","śaraṇa","1-2","避難","Refuge",
"690","nagara","nagara","1-2","都市","The city",
"944","bhārika","bhārika","1-2","重い","Heavy",
"891","barbara","barbara","1-2","野蛮人","Barbarians",
"349","kanaka","kanaka","1-2","金","Gold",
"1466","suvarṇa","suvarṇa","1-2","金","Gold",
"1315","śukra","śukra","1-2","金星","Venus",
"1156","loha","loha","1-2","鉄","Iron",1
"1148","līḍha","līḍha","1-2","鉛","Lead",
"1085","rajata","rajata","1-2","銀","silver",
"625","dīrgha","dīrgha","1-2","長いです","Long",
"622","dirghāyu","dirghāyu","4u","長寿","Longevity",
"1174","variṣṭha","variṣṭha","1-2","長老","elder",
"1118","ruddha","ruddha","1-2","閉まっている","Closed",
"286","udghāṭitāṅga","udghāṭitāṅga","1-2","開いた手足","Open limbs",
"676","dhārita","dhārita","1-2","開催","held",
"196","asatya","asatya","1-2","間違い","false",
"195","asat","asat","3con","間違い","False",
"1146","lipta","lipta","1-2","関与","involved",
"1201","vārita","vārita","1-2","防止","Prevented",
"137","abhivṛṣṭa","abhivṛṣṭa","1-2","降雨","Rainfall",
"1312","śiśnadeva","śiśnadeva","1-2","陰茎","Shishnadeva",
"81","adṛṣṭa","adṛṣṭa","1-2","隠れた","hidden",
"343","kaṭhina","kaṭhina","1-2","難しい","Difficult",
"1545","hārda","hārda","1-2","難しい","Hard",
"1257","vṛṣṭa","vṛṣṭa","1-2","雨","Rain",
"1227","viyuta","viyuta","1-2","電気","Electricity",
"1268","vaidyutaka","vaidyutaka","1-2","電気","Electrical",
"1212","vidyut","vidyut","3con","電気","Electricity",
"357","kampita","kampita","1-2","震え","trembling",
"742","nīla","nīla","1-2","青い","blue",
"743","nīlalohita","nīlalohita","1-2","青赤","blue-red",
"738","niṣṭapta","niṣṭapta","1-2","静かな","quiet",
"1298","śānta","śānta","1-2","静かな","Quiet",
"1349","śvānta","śvānta","1-2","静かな","Quiet",
"22","akṛtya","akṛtya","1-2","非アクティブ","Inactivity",
"178","avaidika","avaidika","1-2","非ヴェーダ","non-Vedic",
"17","akuśala","akuśala","1-2","非効率的な","Inefficient",
"77","atyadbhuta","atyadbhuta","1-2","非常に素晴らしい","Extremely wonderful",
"291","unmatta","unmatta","1-2","非常識","insane",
"722","nindita","nindita","1-2","非難","condemned",
"398","kṛcchra","kṛcchra","1-2","面倒","troublesome",
"1129","rocaka","rocaka","1-2","面白い","Interesting",
"136","abhinava","abhinava","1-2","革新的","Innovative",
"528","jūta","jūta","1-2","靴","Shoes",
"1356","saṃgīta","saṃgīta","1-2","音楽","Music",
"854","pramukha","pramukha","1-2","頭","Head",
"483","catura","catura","1-2","頭がいい","Clever",
"293","upama","upama","1-2","類推","Analogy",
"773","pavamāna","pavamāna","1-2","風","The wind",
"1193","vāta","vāta","1-2","風","Wind",
"440","khādya","khādya","1-2","食用","Edible",
"98","anāhāra","anāhāra","1-2","飢餓","starvation",
"14","akāla","akāla","1-2","飢饉","famine",
"833","pyāyita","pyāyita","1-2","飲める","Drinkable",
"832","pyāyana","pyāyana","1-2","飲酒","Drinking",
"600","dattaka","dattaka","1-2","養子","Adoptive",
"828","poṣya","poṣya","1-2","餌","Poshya",
"1450","sugandha","sugandha","1-2","香り","Fragrance",
"1032","mūḍha","mūḍha","1-2","馬鹿げた","Foolish",
"270","ucca","ucca","1-2","高い","High",
"998","mahārgha","mahārgha","1-2","高い","Expensive",
"278","utthāna","utthāna","1-2","高揚","Upliftment",
"239","ālākta","ālākta","1-2","高等弁務官","Alact",
"23","akṛṣṭa","akṛṣṭa","1-2","魅力的でない","unattractive",
"752","pakṣin","pakṣin","3n","鳥","birds",
"1539","hariṇa","hariṇa","1-2","鹿","Deer",
"1049","mlāta","mlāta","1-2","麦芽","Mlat",
"799","pīta","pīta","1-2","黄色","Yellow",
"105","anunāsika","anunāsika","1-2","鼻","Nasal",
"707","nāka","nāka","1-2","鼻","The nose",