"298","aṃśas","aṃśa","Masculine",2,,
"299","aṃsas","aṃsa","Masculine",2,,
"300","aṃsakūṭas","aṃsakūṭa","Masculine",2,,
"301","akālas","akāla","Masculine",2,,
"302","agas","aga","Masculine",2,,
"303","agniparvatas","agniparvata","Masculine",2,,
"304","aṅkas","aṅka","Masculine",2,,
"305","aṅgas","aṅga","Masculine",2,,
"306","aṅgasaṅgas","aṅgasaṅga","Masculine",2,,
"307","aṅgāras","aṅgāra","Masculine",2,,
"308","aṅgulas","aṅgula","Masculine",2,,
"309","aṅguṣṭhas","aṅguṣṭha","Masculine",2,,
"310","acchas","accha","Masculine",2,,
"311","acchabhallas","acchabhalla","Masculine",2,,
"312","ajas","aja","Masculine",2,,
"313","ajagandhas","ajagandha","Masculine",2,,
"314","ajras","ajra","Masculine",2,,
"315","atithidevas","atithideva","Masculine",2,,
"316","atkas","atka","Masculine",2,,
"317","adgas","adga","Masculine",2,,
"318","adharas","adhara","Masculine",2,,
"319","adhikāras","adhikāra","Masculine",2,,
"320","adhyāpakas","adhyāpaka","Masculine",2,,
"321","anas","ana","Masculine",2,,
"322","analas","anala","Masculine",2,,
"323","anāhāras","anāhāra","Masculine",2,,
"324","anilas","anila","Masculine",2,,
"325","anuprāsas","anuprāsa","Masculine",2,,
"326","anusvāras","anusvāra","Masculine",2,,
"327","anūpas","anūpa","Masculine",2,,
"328","antas","anta","Masculine",2,,
"329","antarāyas","antarāya","Masculine",2,,
"330","apagamas","apagama","Masculine",2,,
"331","apadeśas","apadeśa","Masculine",2,,
"332","apabhraṃśas","apabhraṃśa","Masculine",2,,
"333","apāyas","apāya","Masculine",2,,
"334","apūpas","apūpa","Masculine",2,,
"335","abdas","abda","Masculine",2,,
"336","abhinayas","abhinaya","Masculine",2,,
"337","abhiṣekas","abhiṣeka","Masculine",2,,
"338","abhyaṅgas","abhyaṅga","Masculine",2,,
"339","amitras","amitra","Masculine",2,,
"340","amṛtas","amṛta","Masculine",2,,
"341","ayaskāras","ayaskāra","Masculine",2,,
"342","aruṣas","aruṣa","Masculine",2,,
"343","arkas","arka","Masculine",2,,
"344","arghas","argha","Masculine",2,,
"345","arthas","artha","Masculine",2,,
"346","arthālaṃkāras","arthālaṃkāra","Masculine",2,,
"347","arśas","arśa","Masculine",2,,
"348","alaṃkāras","alaṃkāra","Masculine",2,,
"349","alasas","alasa","Masculine",2,,
"350","alpaprāṇas","alpaprāṇa","Masculine",2,,
"351","allāhas","allāha","Masculine",2,,
"352","avikas","avika","Masculine",2,,
"353","aśaikṣamārgas","aśaikṣamārga","Masculine",2,,
"354","aśvas","aśva","Masculine",2,,
"355","asaṅkhyeyas","asaṅkhyeya","Masculine",2,,
"356","asiras","asira","Masculine",2,,
"357","asuras","asura","Masculine",2,,
"358","asthibhaṅgas","asthibhaṅga","Masculine",2,,
"359","asvīkāras","asvīkāra","Masculine",2,,
"360","ahaṃkāras","ahaṃkāra","Masculine",2,,
"361","ākāras","ākāra","Masculine",2,,
"362","ākāśeśas","ākāśeśa","Masculine",2,,
"363","ākheṭas","ākheṭa","Masculine",2,,
"364","ākheṭakas","ākheṭaka","Masculine",2,,
"365","āgneyas","āgneya","Masculine",2,,
"366","ācāras","ācāra","Masculine",2,,
"367","ācāryas","ācārya","Masculine",2,,
"368","ācāryadevas","ācāryadeva","Masculine",2,,
"369","āṇḍas","āṇḍa","Masculine",2,,
"370","ādarśas","ādarśa","Masculine",2,,
"371","ānandas","ānanda","Masculine",2,,
"372","ānandadattas","ānandadatta","Masculine",2,,
"373","āpaṇas","āpaṇa","Masculine",2,,
"374","ābharaṇas","ābharaṇa","Masculine",2,,
"375","āmras","āmra","Masculine",2,,
"376","āyāmas","āyāma","Masculine",2,,
"377","āyurvedas","āyurveda","Masculine",2,,
"378","ārambhas","ārambha","Masculine",2,,
"379","ārāmas","ārāma","Masculine",2,,
"380","āropas","āropa","Masculine",2,,
"381","āryas","ārya","Masculine",2,,
"382","ālaṃkārikas","ālaṃkārika","Masculine",2,,
"383","ālambhas","ālambha","Masculine",2,,
"384","āśayas","āśaya","Masculine",2,,
"385","āsas","āsa","Masculine",2,,
"386","āsandas","āsanda","Masculine",2,,
"387","āsāras","āsāra","Masculine",2,,
"388","ikāras","ikāra","Masculine",2,,
"389","itihāsas","itihāsa","Masculine",2,,
"390","inas","ina","Masculine",2,,
"391","indras","indra","Masculine",2,,
"392","islāmas","islāma","Masculine",2,,
"393","islāmadharmas","islāmadharma","Masculine",2,,
"394","īrmas","īrma","Masculine",2,,
"395","īśas","īśa","Masculine",2,,
"396","īśvaras","īśvara","Masculine",2,,
"397","īṣadvīryas","īṣadvīrya","Masculine",2,,
"398","uccāras","uccāra","Masculine",2,,
"399","ucchvāsas","ucchvāsa","Masculine",2,,
"400","uṇḍukas","uṇḍuka","Masculine",2,,
"401","utsas","utsa","Masculine",2,,
"402","utsāhas","utsāha","Masculine",2,,
"403","upakāras","upakāra","Masculine",2,,
"404","upadeśas","upadeśa","Masculine",2,,
"405","upayogas","upayoga","Masculine",2,,
"406","upālambhas","upālambha","Masculine",2,,
"407","uraṇas","uraṇa","Masculine",2,,
"408","ulūkas","ulūka","Masculine",2,,
"409","ullāsas","ullāsa","Masculine",2,,
"410","uṣṭras","uṣṭra","Masculine",2,,
"411","uṣṇas","uṣṇa","Masculine",2,,
"412","ūbadhyas","ūbadhya","Masculine",2,,
"413","ūmas","ūma","Masculine",2,,
"414","ūhas","ūha","Masculine",2,,
"415","ṛkāras","ṛkāra","Masculine",2,,
"416","ṛgvedas","ṛgveda","Masculine",2,,
"417","ṛjras","ṛjra","Masculine",2,,
"418","ṛśas","ṛśa","Masculine",2,,
"419","ṛśyas","ṛśya","Masculine",2,,
"420","ṛṣabhas","ṛṣabha","Masculine",2,,
"421","ekāhas","ekāha","Masculine",2,,
"422","eḍas","eḍa","Masculine",2,,
"423","edhas","edha","Masculine",2,,
"424","evas","eva","Masculine",2,,
"425","aindavas","aindava","Masculine",2,,
"426","okāras","okāra","Masculine",2,,
"427","oghas","ogha","Masculine",2,,
"428","oṣas","oṣa","Masculine",2,,
"429","oṣṭhas","oṣṭha","Masculine",2,,
"430","oṣṭhyas","oṣṭhya","Masculine",2,,
"431","kakṣas","kakṣa","Masculine",2,,
"432","kaṅkatas","kaṅkata","Masculine",2,,
"433","kacchapas","kacchapa","Masculine",2,,
"434","kaccheṣṭas","kaccheṣṭa","Masculine",2,,
"435","kaṭhinapṛṣṭhas","kaṭhinapṛṣṭha","Masculine",2,,
"436","kaṭhinapṛṣṭhakas","kaṭhinapṛṣṭhaka","Masculine",2,,
"437","kaṇas","kaṇa","Masculine",2,,
"438","kaṇṭhas","kaṇṭha","Masculine",2,,
"439","kadas","kada","Masculine",2,,
"440","kandas","kanda","Masculine",2,,
"441","kandaras","kandara","Masculine",2,,
"442","kapiśākas","kapiśāka","Masculine",2,,
"443","kapīśas","kapīśa","Masculine",2,,
"444","kapotas","kapota","Masculine",2,,
"445","kapolas","kapola","Masculine",2,,
"446","kampas","kampa","Masculine",2,,
"447","karas","kara","Masculine",2,,
"448","karadīpas","karadīpa","Masculine",2,,
"449","karikas","karika","Masculine",2,,
"450","karikumbhas","karikumbha","Masculine",2,,
"451","karikusumbhas","karikusumbha","Masculine",2,,
"452","karijas","karija","Masculine",2,,
"453","karidantas","karidanta","Masculine",2,,
"454","karidārakas","karidāraka","Masculine",2,,
"455","karipas","karipa","Masculine",2,,
"456","karipathas","karipatha","Masculine",2,,
"457","karipotas","karipota","Masculine",2,,
"458","karibandhas","karibandha","Masculine",2,,
"459","karimakaras","karimakara","Masculine",2,,
"460","karimācalas","karimācala","Masculine",2,,
"461","karimukhas","karimukha","Masculine",2,,
"462","karivaras","karivara","Masculine",2,,
"463","kariśāvakas","kariśāvaka","Masculine",2,,
"464","kariskandhas","kariskandha","Masculine",2,,
"465","karihastas","karihasta","Masculine",2,,
"466","karīndras","karīndra","Masculine",2,,
"467","kargadas","kargada","Masculine",2,,
"468","karmadhārayas","karmadhāraya","Masculine",2,,
"469","kalamas","kalama","Masculine",2,,
"470","kalaviṅkas","kalaviṅka","Masculine",2,,
"471","kalaśas","kalaśa","Masculine",2,,
"472","kalkāñjanas","kalkāñjana","Masculine",2,,
"473","kaśas","kaśa","Masculine",2,,
"474","kaśaplakas","kaśaplaka","Masculine",2,,
"475","kaśmīras","kaśmīra","Masculine",2,,
"476","kaśyapas","kaśyapa","Masculine",2,,
"477","kaśyapamīras","kaśyapamīra","Masculine",2,,
"478","kaṣṭas","kaṣṭa","Masculine",2,,
"479","kāmas","kāma","Masculine",2,,
"480","kāmukas","kāmuka","Masculine",2,,
"481","kāras","kāra","Masculine",2,,
"482","kārttikas","kārttika","Masculine",2,,
"483","kāliyas","kāliya","Masculine",2,,
"484","kāśmīras","kāśmīra","Masculine",2,,
"485","kāṣṭhatakṣakas","kāṣṭhatakṣaka","Masculine",2,,
"486","kiṃnaras","kiṃnara","Masculine",2,,
"487","kiṭas","kiṭa","Masculine",2,,
"488","kinnaras","kinnara","Masculine",2,,
"489","kimpuruṣas","kimpuruṣa","Masculine",2,,
"490","kiraṇas","kiraṇa","Masculine",2,,
"491","kukkuṭas","kukkuṭa","Masculine",2,,
"492","kukkuras","kukkura","Masculine",2,,
"493","kubjas","kubja","Masculine",2,,
"494","kumāras","kumāra","Masculine",2,,
"495","kumbhas","kumbha","Masculine",2,,
"496","kumbhakāras","kumbhakāra","Masculine",2,,
"497","kurkuṭas","kurkuṭa","Masculine",2,,
"498","kurkuras","kurkura","Masculine",2,,
"499","kulatthas","kulattha","Masculine",2,,
"500","kulālas","kulāla","Masculine",2,,
"501","kuṣmāṇḍas","kuṣmāṇḍa","Masculine",2,,
"502","kūcas","kūca","Masculine",2,,
"503","kūpas","kūpa","Masculine",2,,
"504","kūrmas","kūrma","Masculine",2,,
"505","kṛdantas","kṛdanta","Masculine",2,,
"506","kṛpāṇas","kṛpāṇa","Masculine",2,,
"507","kṛṣakas","kṛṣaka","Masculine",2,,
"508","kṛṣṇas","kṛṣṇa","Masculine",2,,
"509","kṛṣṇavyālas","kṛṣṇavyāla","Masculine",2,,
"510","keśas","keśa","Masculine",2,,
"511","kokilas","kokila","Masculine",2,,
"512","koṇas","koṇa","Masculine",2,,
"513","kopas","kopa","Masculine",2,,
"514","koṣṭhas","koṣṭha","Masculine",2,,
"515","kauravas","kaurava","Masculine",2,,
"516","kramas","krama","Masculine",2,,
"517","krīḍakas","krīḍaka","Masculine",2,,
"518","krodhas","krodha","Masculine",2,,
"519","kvāthas","kvātha","Masculine",2,,
"520","kṣas","kṣa","Masculine",2,,
"521","kṣaṇas","kṣaṇa","Masculine",2,,
"522","kṣatriyas","kṣatriya","Masculine",2,,
"523","kṣayas","kṣaya","Masculine",2,,
"524","kṣudrakas","kṣudraka","Masculine",2,,
"525","kṣubdhas","kṣubdha","Masculine",2,,
"526","kṣuras","kṣura","Masculine",2,,
"527","kṣveḍitas","kṣveḍita","Masculine",2,,
"528","khadyotas","khadyota","Masculine",2,,
"529","khanakas","khanaka","Masculine",2,,
"530","khaśas","khaśa","Masculine",2,,
"531","khaṣpas","khaṣpa","Masculine",2,,
"532","khuras","khura","Masculine",2,,
"533","khedas","kheda","Masculine",2,,
"534","gaṅgādharas","gaṅgādhara","Masculine",2,,
"535","gacchas","gaccha","Masculine",2,,
"536","gaṇas","gaṇa","Masculine",2,,
"537","gaṇakas","gaṇaka","Masculine",2,,
"538","gaṇḍas","gaṇḍa","Masculine",2,,
"539","gandhas","gandha","Masculine",2,,
"540","gandharvas","gandharva","Masculine",2,,
"541","garuḍas","garuḍa","Masculine",2,,
"542","garbhas","garbha","Masculine",2,,
"543","garvas","garva","Masculine",2,,
"544","galagaṇḍas","galagaṇḍa","Masculine",2,,
"545","gallas","galla","Masculine",2,,
"546","gītas","gīta","Masculine",2,,
"547","gucchas","guccha","Masculine",2,,
"548","guḍas","guḍa","Masculine",2,,
"549","guṇas","guṇa","Masculine",2,,
"550","gulas","gula","Masculine",2,,
"551","gṛdhras","gṛdhra","Masculine",2,,
"552","godhūmas","godhūma","Masculine",2,,
"553","gopālas","gopāla","Masculine",2,,
"554","goladīpas","goladīpa","Masculine",2,,
"555","goṣṭhas","goṣṭha","Masculine",2,,
"556","grahas","graha","Masculine",2,,
"557","grīṣmas","grīṣma","Masculine",2,,
"558","ghanas","ghana","Masculine",2,,
"559","gharmas","gharma","Masculine",2,,
"560","ghāsas","ghāsa","Masculine",2,,
"561","ghṛṇas","ghṛṇa","Masculine",2,,
"562","ghoṭakas","ghoṭaka","Masculine",2,,
"563","ghoras","ghora","Masculine",2,,
"564","ghoṣas","ghoṣa","Masculine",2,,
"565","ghraṃsas","ghraṃsa","Masculine",2,,
"566","cakravātas","cakravāta","Masculine",2,,
"567","caṇas","caṇa","Masculine",2,,
"568","caturas","catura","Masculine",2,,
"569","camasas","camasa","Masculine",2,,
"570","cikitsakas","cikitsaka","Masculine",2,,
"571","cikitsālayas","cikitsālaya","Masculine",2,,
"572","cumbas","cumba","Masculine",2,,
"573","coras","cora","Masculine",2,,
"574","cyupas","cyupa","Masculine",2,,
"575","chagaṇas","chagaṇa","Masculine",2,,
"576","chagalas","chagala","Masculine",2,,
"577","chāttras","chāttra","Masculine",2,,
"578","chātras","chātra","Masculine",2,,
"579","jas","ja","Masculine",2,,
"580","jagannāthas","jagannātha","Masculine",2,,
"581","janas","jana","Masculine",2,,
"582","janakas","janaka","Masculine",2,,
"583","janapadas","janapada","Masculine",2,,
"584","jambudvīpas","jambudvīpa","Masculine",2,,
"585","jambulas","jambula","Masculine",2,,
"586","jambhas","jambha","Masculine",2,,
"587","jayas","jaya","Masculine",2,,
"588","jalakaṇṭakas","jalakaṇṭaka","Masculine",2,,
"589","jaladas","jalada","Masculine",2,,
"590","javas","java","Masculine",2,,
"591","jīrṇas","jīrṇa","Masculine",2,,
"592","jyeṣṭhas","jyeṣṭha","Masculine",2,,
"593","jyotiriṅgaṇas","jyotiriṅgaṇa","Masculine",2,,
"594","jyotiṣikas","jyotiṣika","Masculine",2,,
"595","jyautiṣikas","jyautiṣika","Masculine",2,,
"596","jvaras","jvara","Masculine",2,,
"597","jhaṣas","jhaṣa","Masculine",2,,
"598","ṭiṇḍiśas","ṭiṇḍiśa","Masculine",2,,
"599","ḍakāras","ḍakāra","Masculine",2,,
"600","ḍālas","ḍāla","Masculine",2,,
"601","ḍholas","ḍhola","Masculine",2,,
"602","takvas","takva","Masculine",2,,
"603","tatas","tata","Masculine",2,,
"604","tathāgatas","tathāgata","Masculine",2,,
"605","taruṇas","taruṇa","Masculine",2,,
"606","tātas","tāta","Masculine",2,,
"607","tānas","tāna","Masculine",2,,
"608","tāpas","tāpa","Masculine",2,,
"609","tāmbūlikas","tāmbūlika","Masculine",2,,
"610","tārakas","tāraka","Masculine",2,,
"611","tārkikas","tārkika","Masculine",2,,
"612","tittiras","tittira","Masculine",2,,
"613","tilas","tila","Masculine",2,,
"614","tīkṣṇadaṃṣṭrakas","tīkṣṇadaṃṣṭraka","Masculine",2,,
"615","tukhāras","tukhāra","Masculine",2,,
"616","tuñjas","tuñja","Masculine",2,,
"617","toṣas","toṣa","Masculine",2,,
"618","tyāgas","tyāga","Masculine",2,,
"619","trāsas","trāsa","Masculine",2,,
"620","trikoṇas","trikoṇa","Masculine",2,,
"621","tryambakas","tryambaka","Masculine",2,,
"622","tvacchedas","tvaccheda","Masculine",2,,
"623","tveṣathas","tveṣatha","Masculine",2,,
"624","daṃṣṭras","daṃṣṭra","Masculine",2,,
"625","dakṣiṇas","dakṣiṇa","Masculine",2,,
"626","daṇḍas","daṇḍa","Masculine",2,,
"627","daṇḍadīpas","daṇḍadīpa","Masculine",2,,
"628","daṇḍanas","daṇḍana","Masculine",2,,
"629","dattāṃśas","dattāṃśa","Masculine",2,,
"630","dantakūrcas","dantakūrca","Masculine",2,,
"631","dantavaidyas","dantavaidya","Masculine",2,,
"632","damas","dama","Masculine",2,,
"633","darbhas","darbha","Masculine",2,,
"634","darmas","darma","Masculine",2,,
"635","dalas","dala","Masculine",2,,
"636","dāḍimas","dāḍima","Masculine",2,,
"637","dāras","dāra","Masculine",2,,
"638","dālas","dāla","Masculine",2,,
"639","dāsas","dāsa","Masculine",2,,
"640","dāhas","dāha","Masculine",2,,
"641","dineśas","dineśa","Masculine",2,,
"642","dīpas","dīpa","Masculine",2,,
"643","dīpotsavas","dīpotsava","Masculine",2,,
"644","duḥsvapnas","duḥsvapna","Masculine",2,,
"645","duras","dura","Masculine",2,,
"646","durgandhas","durgandha","Masculine",2,,
"647","dūtas","dūta","Masculine",2,,
"648","dūrabhāṣas","dūrabhāṣa","Masculine",2,,
"649","dṛḍhabījas","dṛḍhabīja","Masculine",2,,
"650","devas","deva","Masculine",2,,
"651","devaras","devara","Masculine",2,,
"652","devasarṣapas","devasarṣapa","Masculine",2,,
"653","deśas","deśa","Masculine",2,,
"654","daityas","daitya","Masculine",2,,
"655","doṣas","doṣa","Masculine",2,,
"656","dohas","doha","Masculine",2,,
"657","drapsas","drapsa","Masculine",2,,
"658","dramiḍas","dramiḍa","Masculine",2,,
"659","dramilas","dramila","Masculine",2,,
"660","draviḍas","draviḍa","Masculine",2,,
"661","drohas","droha","Masculine",2,,
"662","dvipas","dvipa","Masculine",2,,
"663","dviras","dvira","Masculine",2,,
"664","dvirephas","dvirepha","Masculine",2,,
"665","dveṣas","dveṣa","Masculine",2,,
"666","dharmas","dharma","Masculine",2,,
"667","dhārakas","dhāraka","Masculine",2,,
"668","dhuras","dhura","Masculine",2,,
"669","dhūpas","dhūpa","Masculine",2,,
"670","dhūmas","dhūma","Masculine",2,,
"671","dhṛtas","dhṛta","Masculine",2,,
"672","dhvajas","dhvaja","Masculine",2,,
"673","nakāras","nakāra","Masculine",2,,
"674","nakulas","nakula","Masculine",2,,
"675","nagnas","nagna","Masculine",2,,
"676","naras","nara","Masculine",2,,
"677","narādhipa​","narādhipa​","Masculine",2,,
"678","narāśaṃsas","narāśaṃsa","Masculine",2,,
"679","nākas","nāka","Masculine",2,,
"680","nāyakas","nāyaka","Masculine",2,,
"681","nāyakādhipas","nāyakādhipa","Masculine",2,,
"682","nārakas","nāraka","Masculine",2,,
"683","nārikelas","nārikela","Masculine",2,,
"684","nāvājas","nāvāja","Masculine",2,,
"685","nāśas","nāśa","Masculine",2,,
"686","nāstikas","nāstika","Masculine",2,,
"687","nijas","nija","Masculine",2,,
"688","nidāghas","nidāgha","Masculine",2,,
"689","nimayas","nimaya","Masculine",2,,
"690","nimiṣas","nimiṣa","Masculine",2,,
"691","nimbūkas","nimbūka","Masculine",2,,
"692","niyamas","niyama","Masculine",2,,
"693","nivāsas","nivāsa","Masculine",2,,
"694","nīlalohitas","nīlalohita","Masculine",2,,
"695","nīl̤as","nīl̤a","Masculine",2,,
"696","nṛpas","nṛpa","Masculine",2,,
"697","netracchadas","netracchada","Masculine",2,,
"698","netropamas","netropama","Masculine",2,,
"699","nyagrodhas","nyagrodha","Masculine",2,,
"700","nyāyas","nyāya","Masculine",2,,
"701","pakāras","pakāra","Masculine",2,,
"702","pakṣas","pakṣa","Masculine",2,,
"703","paṇḍitas","paṇḍita","Masculine",2,,
"704","pad","pad","Masculine",2,,
"705","parāśaras","parāśara","Masculine",2,,
"706","paricchedas","pariccheda","Masculine",2,,
"707","parjanyas","parjanya","Masculine",2,,
"708","parvatas","parvata","Masculine",2,,
"709","parśānas","parśāna","Masculine",2,,
"710","parṣas","parṣa","Masculine",2,,
"711","pavanas","pavana","Masculine",2,,
"712","pāṇḍavas","pāṇḍava","Masculine",2,,
"713","pātas","pāta","Masculine",2,,
"714","pādas","pāda","Masculine",2,,
"715","pādakandukas","pādakanduka","Masculine",2,,
"716","pādapas","pādapa","Masculine",2,,
"717","pādaśothas","pādaśotha","Masculine",2,,
"718","pālakas","pālaka","Masculine",2,,
"719","pāvakas","pāvaka","Masculine",2,,
"720","pāśas","pāśa","Masculine",2,,
"721","piṅgas","piṅga","Masculine",2,,
"722","pitāmahas","pitāmaha","Masculine",2,,
"723","pitṛdevas","pitṛdeva","Masculine",2,,
"724","piśācas","piśāca","Masculine",2,,
"725","pīṭhas","pīṭha","Masculine",2,,
"726","pīnas","pīna","Masculine",2,,
"727","pīnasas","pīnasa","Masculine",2,,
"728","putras","putra","Masculine",2,,
"729","pudgalas","pudgala","Masculine",2,,
"730","puraṃdaras","puraṃdara","Masculine",2,,
"731","puruṣas","puruṣa","Masculine",2,,
"732","puruṣottamas","puruṣottama","Masculine",2,,
"733","purohitas","purohita","Masculine",2,,
"734","pūtivātas","pūtivāta","Masculine",2,,
"735","pūrvāhṇas","pūrvāhṇa","Masculine",2,,
"736","pecakas","pecaka","Masculine",2,,
"737","prakāśas","prakāśa","Masculine",2,,
"738","prakopas","prakopa","Masculine",2,,
"739","praṇayonmādas","praṇayonmāda","Masculine",2,,
"740","pratirodhas","pratirodha","Masculine",2,,
"741","pratiśyāyas","pratiśyāya","Masculine",2,,
"742","prathamas","prathama","Masculine",2,,
"743","prabandhas","prabandha","Masculine",2,,
"744","prabhākīṭas","prabhākīṭa","Masculine",2,,
"745","prayatnas","prayatna","Masculine",2,,
"746","praveśas","praveśa","Masculine",2,,
"747","praśnas","praśna","Masculine",2,,
"748","prastaras","prastara","Masculine",2,,
"749","prahāras","prahāra","Masculine",2,,
"750","prākāras","prākāra","Masculine",2,,
"751","prāṇas","prāṇa","Masculine",2,,
"752","prātaḥkālas","prātaḥkāla","Masculine",2,,
"753","prāsas","prāsa","Masculine",2,,
"754","prāsādas","prāsāda","Masculine",2,,
"755","prauḍhas","prauḍha","Masculine",2,,
"756","phakāras","phakāra","Masculine",2,,
"757","phiraṅgas","phiraṅga","Masculine",2,,
"758","phenakas","phenaka","Masculine",2,,
"759","bakāras","bakāra","Masculine",2,,
"760","bajas","baja","Masculine",2,,
"761","baddhakas","baddhaka","Masculine",2,,
"762","bandhas","bandha","Masculine",2,,
"763","barjahas","barjaha","Masculine",2,,
"764","barbaṭas","barbaṭa","Masculine",2,,
"765","barbaras","barbara","Masculine",2,,
"766","balīvardas","balīvarda","Masculine",2,,
"767","bastas","basta","Masculine",2,,
"768","bahiṣkāras","bahiṣkāra","Masculine",2,,
"769","bahubollakas","bahubollaka","Masculine",2,,
"770","bāṅgalādeśas","bāṅgalādeśa","Masculine",2,,
"771","bāṇas","bāṇa","Masculine",2,,
"772","bālas","bāla","Masculine",2,,
"773","bālakas","bālaka","Masculine",2,,
"774","bāliśas","bāliśa","Masculine",2,,
"775","biḍālas","biḍāla","Masculine",2,,
"776","buddhas","buddha","Masculine",2,,
"777","budhas","budha","Masculine",2,,
"778","bundas","bunda","Masculine",2,,
"779","bulabulas","bulabula","Masculine",2,,
"780","bollakas","bollaka","Masculine",2,,
"781","bhakṣas","bhakṣa","Masculine",2,,
"782","bhagas","bhaga","Masculine",2,,
"783","bhagadattas","bhagadatta","Masculine",2,,
"784","bhaṅgas","bhaṅga","Masculine",2,,
"785","bhañjakas","bhañjaka","Masculine",2,,
"786","bhayaṅkaras","bhayaṅkara","Masculine",2,,
"787","bharas","bhara","Masculine",2,,
"788","bhartsakas","bhartsaka","Masculine",2,,
"789","bhallas","bhalla","Masculine",2,,
"790","bhallūkas","bhallūka","Masculine",2,,
"791","bhavakṣayas","bhavakṣaya","Masculine",2,,
"792","bhāgas","bhāga","Masculine",2,,
"793","bhāmas","bhāma","Masculine",2,,
"794","bhāras","bhāra","Masculine",2,,
"795","bhārikas","bhārika","Masculine",2,,
"796","bhāvas","bhāva","Masculine",2,,
"797","bhāsas","bhāsa","Masculine",2,,
"798","bhujas","bhuja","Masculine",2,,
"799","bhūkampas","bhūkampa","Masculine",2,,
"800","bhūgolas","bhūgola","Masculine",2,,
"801","bhūpas","bhūpa","Masculine",2,,
"802","bhūbhāgas","bhūbhāga","Masculine",2,,
"803","bhūrjas","bhūrja","Masculine",2,,
"804","bhogas","bhoga","Masculine",2,,
"805","bhraṃśas","bhraṃśa","Masculine",2,,
"806","bhramaras","bhramara","Masculine",2,,
"807","makakas","makaka","Masculine",2,,
"808","makaras","makara","Masculine",2,,
"809","maṇibandhas","maṇibandha","Masculine",2,,
"810","maṇḍūkas","maṇḍūka","Masculine",2,,
"811","mattas","matta","Masculine",2,,
"812","matsyas","matsya","Masculine",2,,
"813","madanas","madana","Masculine",2,,
"814","madanāṅkuśas","madanāṅkuśa","Masculine",2,,
"815","madyasāras","madyasāra","Masculine",2,,
"816","madhuras","madhura","Masculine",2,,
"817","madhyas","madhya","Masculine",2,,
"818","manuṣyas","manuṣya","Masculine",2,,
"819","mayūkhas","mayūkha","Masculine",2,,
"820","mayūras","mayūra","Masculine",2,,
"821","marīyamiputras","marīyamiputra","Masculine",2,,
"822","markaṭas","markaṭa","Masculine",2,,
"823","martas","marta","Masculine",2,,
"824","mardas","marda","Masculine",2,,
"825","maryas","marya","Masculine",2,,
"826","maśas","maśa","Masculine",2,,
"827","maśakas","maśaka","Masculine",2,,
"828","mahas","maha","Masculine",2,,
"829","mahāgajas","mahāgaja","Masculine",2,,
"830","mahādevas","mahādeva","Masculine",2,,
"831","mahārājan","mahārājan","Masculine",2,,
"832","mahārṇavas","mahārṇava","Masculine",2,,
"833","mahāvīras","mahāvīra","Masculine",2,,
"834","mahiṣas","mahiṣa","Masculine",2,,
"835","māṇḍalikas","māṇḍalika","Masculine",2,,
"836","mātṛdevas","mātṛdeva","Masculine",2,,
"837","mādhavas","mādhava","Masculine",2,,
"838","māras","māra","Masculine",2,,
"839","mārgas","mārga","Masculine",2,,
"840","mārjāras","mārjāra","Masculine",2,,
"841","māsas","māsa","Masculine",2,,
"842","miyedhas","miyedha","Masculine",2,,
"843","mihiras","mihira","Masculine",2,,
"844","mīnas","mīna","Masculine",2,,
"845","mīras","mīra","Masculine",2,,
"846","mukhyas","mukhya","Masculine",2,,
"847","mudgas","mudga","Masculine",2,,
"848","muralīdharas","muralīdhara","Masculine",2,,
"849","muṣkas","muṣka","Masculine",2,,
"850","muslimadharmas","muslimadharma","Masculine",2,,
"851","mūḍhas","mūḍha","Masculine",2,,
"852","mūṣakas","mūṣaka","Masculine",2,,
"853","mūṣikas","mūṣika","Masculine",2,,
"854","mṛgas","mṛga","Masculine",2,,
"855","meghas","megha","Masculine",2,,
"856","meḍhrajas","meḍhraja","Masculine",2,,
"857","meṇḍhras","meṇḍhra","Masculine",2,,
"858","medhas","medha","Masculine",2,,
"859","merudaṇḍas","merudaṇḍa","Masculine",2,,
"860","meṣas","meṣa","Masculine",2,,
"861","mehas","meha","Masculine",2,,
"862","mohas","moha","Masculine",2,,
"863","mlecchas","mleccha","Masculine",2,,
"864","yas","ya","Masculine",2,,
"865","yakṣmas","yakṣma","Masculine",2,,
"866","yajñas","yajña","Masculine",2,,
"867","yatnas","yatna","Masculine",2,,
"868","yamas","yama","Masculine",2,,
"869","yavas","yava","Masculine",2,,
"870","yavanadharmas","yavanadharma","Masculine",2,,
"871","yahvas","yahva","Masculine",2,,
"872","yāgas","yāga","Masculine",2,,
"873","yābhas","yābha","Masculine",2,,
"874","yāmas","yāma","Masculine",2,,
"875","yudhmas","yudhma","Masculine",2,,
"876","yuvanas","yuvana","Masculine",2,,
"877","yūthas","yūtha","Masculine",2,,
"878","yūṣas","yūṣa","Masculine",2,,
"879","yogas","yoga","Masculine",2,,
"880","yogakṣemas","yogakṣema","Masculine",2,,
"881","yogyas","yogya","Masculine",2,,
"882","rakāras","rakāra","Masculine",2,,
"883","raṅgas","raṅga","Masculine",2,,
"884","raṇḍas","raṇḍa","Masculine",2,,
"885","rathas","ratha","Masculine",2,,
"886","ramajānas","ramajāna","Masculine",2,,
"887","ramajānamāsas","ramajānamāsa","Masculine",2,,
"888","rasas","rasa","Masculine",2,,
"889","rasagolas","rasagola","Masculine",2,,
"890","rasāyanajñas","rasāyanajña","Masculine",2,,
"891","rākṣasas","rākṣasa","Masculine",2,,
"892","rāgas","rāga","Masculine",2,,
"893","rājaputras","rājaputra","Masculine",2,,
"894","rājamāṣas","rājamāṣa","Masculine",2,,
"895","rāmacandras","rāmacandra","Masculine",2,,
"896","rāmarājyas","rāmarājya","Masculine",2,,
"897","rudrākṣas","rudrākṣa","Masculine",2,,
"898","rephas","repha","Masculine",2,,
"899","rebhas","rebha","Masculine",2,,
"900","reṣas","reṣa","Masculine",2,,
"901","rokas","roka","Masculine",2,,
"902","rocas","roca","Masculine",2,,
"903","rodhas","rodha","Masculine",2,,
"904","romanthas","romantha","Masculine",2,,
"905","roṣas","roṣa","Masculine",2,,
"906","rohitas","rohita","Masculine",2,,
"907","laṇḍras","laṇḍra","Masculine",2,,
"908","lambas","lamba","Masculine",2,,
"909","lambhas","lambha","Masculine",2,,
"910","lābhas","lābha","Masculine",2,,
"911","lokas","loka","Masculine",2,,
"912","lopas","lopa","Masculine",2,,
"913","lopāśas","lopāśa","Masculine",2,,
"914","lobhas","lobha","Masculine",2,,
"915","lolas","lola","Masculine",2,,
"916","lohitas","lohita","Masculine",2,,
"917","vaṃśas","vaṃśa","Masculine",2,,
"918","vaṅganas","vaṅgana","Masculine",2,,
"919","vaṅgāladeśas","vaṅgāladeśa","Masculine",2,,
"920","vajrahastas","vajrahasta","Masculine",2,,
"921","vatsalas","vatsala","Masculine",2,,
"922","vadhas","vadha","Masculine",2,,
"923","varas","vara","Masculine",2,,
"924","varāhas","varāha","Masculine",2,,
"925","varuṇas","varuṇa","Masculine",2,,
"926","vargas","varga","Masculine",2,,
"927","varṇas","varṇa","Masculine",2,,
"928","valas","vala","Masculine",2,,
"929","valśas","valśa","Masculine",2,,
"930","vasantas","vasanta","Masculine",2,,
"931","vātas","vāta","Masculine",2,,
"932","vātādas","vātāda","Masculine",2,,
"933","vādas","vāda","Masculine",2,,
"934","vānaras","vānara","Masculine",2,,
"935","vālas","vāla","Masculine",2,,
"936","vāhas","vāha","Masculine",2,,
"937","vikalpas","vikalpa","Masculine",2,,
"938","vikāsas","vikāsa","Masculine",2,,
"939","vigrahas","vigraha","Masculine",2,,
"940","vighnas","vighna","Masculine",2,,
"941","vicchedas","viccheda","Masculine",2,,
"942","vidāhas","vidāha","Masculine",2,,
"943","vidyālayas","vidyālaya","Masculine",2,,
"944","vinimayas","vinimaya","Masculine",2,,
"945","vinītas","vinīta","Masculine",2,,
"946","virocanas","virocana","Masculine",2,,
"947","virodhālaṃkāras","virodhālaṃkāra","Masculine",2,,
"948","viśvāsas","viśvāsa","Masculine",2,,
"949","viṣayas","viṣaya","Masculine",2,,
"950","visargas","visarga","Masculine",2,,
"951","vihāras","vihāra","Masculine",2,,
"952","vīras","vīra","Masculine",2,,
"953","vṛkas","vṛka","Masculine",2,,
"954","vṛkkas","vṛkka","Masculine",2,,
"955","vṛkṣas","vṛkṣa","Masculine",2,,
"956","vṛścikas","vṛścika","Masculine",2,,
"957","vṛṣabhas","vṛṣabha","Masculine",2,,
"958","vegas","vega","Masculine",2,,
"959","veṭas","veṭa","Masculine",2,,
"960","vedas","veda","Masculine",2,,
"961","veṣas","veṣa","Masculine",2,,
"962","vaidehas","vaideha","Masculine",2,,
"963","vaidyas","vaidya","Masculine",2,,
"964","vaiṣṇavas","vaiṣṇava","Masculine",2,,
"965","vyavahāras","vyavahāra","Masculine",2,,
"966","vyāghras","vyāghra","Masculine",2,,
"967","vyānas","vyāna","Masculine",2,,
"968","vyāyāmas","vyāyāma","Masculine",2,,
"969","śaṃsas","śaṃsa","Masculine",2,,
"970","śakas","śaka","Masculine",2,,
"971","śakamuruṇḍas","śakamuruṇḍa","Masculine",2,,
"972","śakras","śakra","Masculine",2,,
"973","śatas","śata","Masculine",2,,
"974","śapathas","śapatha","Masculine",2,,
"975","śaphas","śapha","Masculine",2,,
"976","śapharas","śaphara","Masculine",2,,
"977","śabdas","śabda","Masculine",2,,
"978","śabdakośas","śabdakośa","Masculine",2,,
"979","śabdālaṃkāras","śabdālaṃkāra","Masculine",2,,
"980","śamas","śama","Masculine",2,,
"981","śambas","śamba","Masculine",2,,
"982","śaras","śara","Masculine",2,,
"983","śarabhas","śarabha","Masculine",2,,
"984","śardhas","śardha","Masculine",2,,
"985","śarmaṇyadeśas","śarmaṇyadeśa","Masculine",2,,
"986","śalyakāras","śalyakāra","Masculine",2,,
"987","śaśas","śaśa","Masculine",2,,
"988","śaśakas","śaśaka","Masculine",2,,
"989","śāktas","śākta","Masculine",2,,
"990","śāpas","śāpa","Masculine",2,,
"991","śābdikas","śābdika","Masculine",2,,
"992","śārdūlas","śārdūla","Masculine",2,,
"993","śālas","śāla","Masculine",2,,
"994","śālivāhanas","śālivāhana","Masculine",2,,
"995","śāvakas","śāvaka","Masculine",2,,
"996","śikṣakas","śikṣaka","Masculine",2,,
"997","śikharas","śikhara","Masculine",2,,
"998","śiphas","śipha","Masculine",2,,
"999","śiras","śira","Masculine",2,,
"1000","śiraḥpaṭṭas","śiraḥpaṭṭa","Masculine",2,,
"1001","śilālekhas","śilālekha","Masculine",2,,
"1002","śiśnadevas","śiśnadeva","Masculine",2,,
"1003","śiṣyas","śiṣya","Masculine",2,,
"1004","śunakas","śunaka","Masculine",2,,
"1005","śūras","śūra","Masculine",2,,
"1006","śūlas","śūla","Masculine",2,,
"1007","śṛṅkhalas","śṛṅkhala","Masculine",2,,
"1008","śepas","śepa","Masculine",2,,
"1009","śephas","śepha","Masculine",2,,
"1010","śaimbyas","śaimbya","Masculine",2,,
"1011","śaivas","śaiva","Masculine",2,,
"1012","śokas","śoka","Masculine",2,,
"1013","śothas","śotha","Masculine",2,,
"1014","śodhakas","śodhaka","Masculine",2,,
"1015","śyāmas","śyāma","Masculine",2,,
"1016","śyenas","śyena","Masculine",2,,
"1017","śrīnivāsas","śrīnivāsa","Masculine",2,,
"1018","ślokas","śloka","Masculine",2,,
"1019","śvaśuras","śvaśura","Masculine",2,,
"1020","śvānas","śvāna","Masculine",2,,
"1021","śvāsas","śvāsa","Masculine",2,,
"1022","śvitras","śvitra","Masculine",2,,
"1023","ṣakāras","ṣakāra","Masculine",2,,
"1024","ṣaṇmāsas","ṣaṇmāsa","Masculine",2,,
"1025","saṃkalpas","saṃkalpa","Masculine",2,,
"1026","saṃcārakas","saṃcāraka","Masculine",2,,
"1027","saṃcālakas","saṃcālaka","Masculine",2,,
"1028","saṃjayas","saṃjaya","Masculine",2,,
"1029","saṃtoṣas","saṃtoṣa","Masculine",2,,
"1030","saṃdeśas","saṃdeśa","Masculine",2,,
"1031","saṃdehas","saṃdeha","Masculine",2,,
"1032","saṃbhogas","saṃbhoga","Masculine",2,,
"1033","saṃyamas","saṃyama","Masculine",2,,
"1034","saṃyogas","saṃyoga","Masculine",2,,
"1035","saṃvatsaras","saṃvatsara","Masculine",2,,
"1036","saṃvegas","saṃvega","Masculine",2,,
"1037","saṃsāras","saṃsāra","Masculine",2,,
"1038","saṃskṛtajñas","saṃskṛtajña","Masculine",2,,
"1039","sakāras","sakāra","Masculine",2,,
"1040","sagarbhyas","sagarbhya","Masculine",2,,
"1041","saṅgas","saṅga","Masculine",2,,
"1042","saṅghas","saṅgha","Masculine",2,,
"1043","sadasyas","sadasya","Masculine",2,,
"1044","sadāśivas","sadāśiva","Masculine",2,,
"1045","sanas","sana","Masculine",2,,
"1046","saptāhas","saptāha","Masculine",2,,
"1047","samakāras","samakāra","Masculine",2,,
"1048","samayas","samaya","Masculine",2,,
"1049","samājas","samāja","Masculine",2,,
"1050","samāveśas","samāveśa","Masculine",2,,
"1051","samāsas","samāsa","Masculine",2,,
"1052","samūhas","samūha","Masculine",2,,
"1053","samoṣas","samoṣa","Masculine",2,,
"1054","sambhogas","sambhoga","Masculine",2,,
"1055","sarmas","sarma","Masculine",2,,
"1056","sarṣapas","sarṣapa","Masculine",2,,
"1057","savas","sava","Masculine",2,,
"1058","savyas","savya","Masculine",2,,
"1059","sasas","sasa","Masculine",2,,
"1060","sahavāsas","sahavāsa","Masculine",2,,
"1061","sahasranetras","sahasranetra","Masculine",2,,
"1062","sāṃvādikas","sāṃvādika","Masculine",2,,
"1063","sāṇḍas","sāṇḍa","Masculine",2,,
"1064","sādas","sāda","Masculine",2,,
"1065","sāmavedas","sāmaveda","Masculine",2,,
"1066","sārthas","sārtha","Masculine",2,,
"1067","sāhityas","sāhitya","Masculine",2,,
"1068","siṃhas","siṃha","Masculine",2,,
"1069","sugandhas","sugandha","Masculine",2,,
"1070","suparṇas","suparṇa","Masculine",2,,
"1071","suras","sura","Masculine",2,,
"1072","surādhipas","surādhipa","Masculine",2,,
"1073","sūkaras","sūkara","Masculine",2,,
"1074","sūdas","sūda","Masculine",2,,
"1075","sūpas","sūpa","Masculine",2,,
"1076","sūras","sūra","Masculine",2,,
"1077","sūryas","sūrya","Masculine",2,,
"1078","sṛkas","sṛka","Masculine",2,,
"1079","sṛgālas","sṛgāla","Masculine",2,,
"1080","sekas","seka","Masculine",2,,
"1081","somas","soma","Masculine",2,,
"1082","solluṇṭhas","solluṇṭha","Masculine",2,,
"1083","saucikas","saucika","Masculine",2,,
"1084","skandhas","skandha","Masculine",2,,
"1085","skambhas","skambha","Masculine",2,,
"1086","stanas","stana","Masculine",2,,
"1087","stambhas","stambha","Masculine",2,,
"1088","staras","stara","Masculine",2,,
"1089","stenas","stena","Masculine",2,,
"1090","stomas","stoma","Masculine",2,,
"1091","sthūras","sthūra","Masculine",2,,
"1092","snātas","snāta","Masculine",2,,
"1093","spṛṣṭas","spṛṣṭa","Masculine",2,,
"1094","sphoṭas","sphoṭa","Masculine",2,,
"1095","smaras","smara","Masculine",2,,
"1096","smeras","smera","Masculine",2,,
"1097","syūtas","syūta","Masculine",2,,
"1098","sravas","srava","Masculine",2,,
"1099","svapnas","svapna","Masculine",2,,
"1100","svaras","svara","Masculine",2,,
"1101","svargas","svarga","Masculine",2,,
"1102","svādas","svāda","Masculine",2,,
"1103","svārthas","svārtha","Masculine",2,,
"1104","svedas","sveda","Masculine",2,,
"1105","svedakas","svedaka","Masculine",2,,
"1106","haṃsas","haṃsa","Masculine",2,,
"1107","haṭhas","haṭha","Masculine",2,,
"1108","haṭhayogas","haṭhayoga","Masculine",2,,
"1109","hayas","haya","Masculine",2,,
"1110","hariṇas","hariṇa","Masculine",2,,
"1111","haritas","harita","Masculine",2,,
"1112","harṣas","harṣa","Masculine",2,,
"1113","halas","hala","Masculine",2,,
"1114","hastas","hasta","Masculine",2,,
"1115","hastamaithunas","hastamaithuna","Masculine",2,,
"1116","hālas","hāla","Masculine",2,,
"1117","hāsas","hāsa","Masculine",2,,
"1118","hiṃsras","hiṃsra","Masculine",2,,
"1119","himālayas","himālaya","Masculine",2,,
"1120","hiras","hira","Masculine",2,,
"1121","hīkas","hīka","Masculine",2,,
"1122","hūṇas","hūṇa","Masculine",2,,
"1123","heḍas","heḍa","Masculine",2,,
"1124","hemantas","hemanta","Masculine",2,,
"1125","hel̤as","hel̤a","Masculine",2,,
"1126","hoḍas","hoḍa","Masculine",2,,
"1127","homas","homa","Masculine",2,,
"1128","hrasvas","hrasva","Masculine",2,,
"1129","hvāras","hvāra","Masculine",2,,
"1130","hvāryas","hvārya","Masculine",2,,