"135","abhadra",,1-2,失礼,Rude,
"134","abhakta",,1-2,献身的ではない,Undevoted,
"136","abhinava",,1-2,革新的,Innovative,
"137","abhivṛṣṭa",,1-2,降雨,Rainfall,
"138","abhiṣṭidyumna",,1-2,Abhishtidyumna,Abhishtidyumna,
"140","abhyalaṃkṛta",,1-2,装飾,ornamented,
"139","abhyantarakalpa",,1-2,アビヤンタラカルパ,Abhyantarakalpa,
"133","abjit",,3con,アブジット,Abjit,
"132","abudhna",,1-2,無視する,Ignorant,
"56","acara",,1-2,不変,Immutable,
"62","accha",,1-2,良い,Good,
"57","acira",,1-2,Achir,Achir,
"61","acirau",,4u,あちろう,Achirou,
"63","acyuta",,1-2,Achyut,Achyut,
"79","adara",,1-2,アダール,Adar,
"84","adhama",,1-2,劣る,inferior,
"85","adhara",,1-2,唇,lips,
"86","adhika",,1-2,もっと,More,
"80","aditi",,3i,アディティ,Aditi,
"82","adruh",,3s,Adruh,Adruh,
"83","advaita",,1-2,Advaita,Advaita,
"81","adṛṣṭa",,1-2,隠れた,hidden,
"43","aga",,1-2,8月,Aug,
"44","agada",,1-2,アガド,Agad,
"45","agamya",,1-2,アクセスできません,inaccessible,
"54","agha",,1-2,アガ,Agha,
"50","agnicit",,3con,Agnichit,Agnichit,
"51","agnihotra",,1-2,アグニホトラ,Agnihotra,
"49","agohya",,1-2,見えない,Invisible,
"52","agra",,1-2,ヒント,tip,
"53","agrima",,1-2,次,next,
"48","aguru",,4u,アグル,Aguru,
"47","aguṇa",,1-2,始めた,Agun,
"46","agādha",,1-2,深遠,profound,
"205","ahaṃkārin",,3n,自慢の,Egotistical,
"335","aindava",,1-2,Aindav,Aindav,
"334","aitihāsika",,1-2,歴史的,Historical,
"336","aiśa",,1-2,灰,Ashes,
"64","aja",,1-2,今日,Today,
"65","ajara",,1-2,半開き,Ajar,
"66","ajira",,1-2,アジル,Azir,
"69","ajrya",,1-2,Ajrya,Ajrya,
"70","ajvara",,1-2,熱,Fever,
"68","ajña",,1-2,無視する,Ignorant,
"67","ajīrṇa",,1-2,消化不良,Indigestion,
"8","akampya",,1-2,揺るぎない,Unshakable,
"7","akaniṣṭha",,1-2,劣る,Inferior,
"9","akarmaka",,1-2,イントランジティブ,intransitive,
"10","akarman",,3n,アカルマーン,Akarmaan,
"6","akathita",,1-2,語られない,untold,
"24","akeśa",,1-2,Akesh,Akesh,
"41","akhaṇḍa",,1-2,積分,Integral,
"42","akhila",,1-2,アキル,Akhil,
"15","akiñcana",,1-2,あきんちゃん,Akinchan,
"28","akliṣṭa",,1-2,単純な,Uncomplicated,
"27","aklānta",,1-2,疲れ知らず,tireless,
"26","akrūra",,1-2,Akrur,Akrur,
"25","akta",,1-2,10月,Oct,
"17","akuśala",,1-2,非効率的な,Inefficient,
"14","akāla",,1-2,飢饉,famine,
"11","akāma",,1-2,Akam,Akam,
"12","akāraṇa",,1-2,理由もなく,for no reason,
"13","akārya",,1-2,動作不能,Inoperable,
"16","akīrtikara",,1-2,恥ずべき,Disgraceful,
"18","akūpāra",,1-2,アキュパー,Acupar,
"19","akṛta",,1-2,やり直し,Undone,
"20","akṛtajña",,1-2,恩知らず,ungrateful,
"22","akṛtya",,1-2,非アクティブ,Inactivity,
"21","akṛtārtha",,1-2,満たされていない,Unfulfilled,
"23","akṛṣṭa",,1-2,魅力的でない,unattractive,
"30","akṣama",,1-2,無効にする,disable,
"31","akṣamya",,1-2,許せない,Unforgivable,
"34","akṣara",,1-2,手紙,Letters,
"29","akṣata",,1-2,Akshat,Akshat,
"32","akṣaya",,1-2,無尽蔵,Inexhaustible,
"33","akṣayya",,1-2,無尽蔵,Inexhaustible,
"36","akṣita",,1-2,Akshit,Akshit,
"38","akṣobha",,1-2,乱されていない,unperturbed,
"39","akṣobhya",,1-2,揺るぎない,unshakable,
"37","akṣuṇṇa",,1-2,無傷,Intact,
"35","akṣāra",,1-2,アルファベット,Alphabet,
"40","akṣṇayā",,1-2,アクシャヤ,Akshaya,
"169","alasa",,1-2,怠惰,Laziness,
"168","alaṃkṛta",,1-2,装飾,ornamented,
"170","alpa",,1-2,小さい、若い,"small, little, young",
"171","alpaprāṇa",,1-2,短命,short-lived,
"143","amala",,1-2,アマル,Amal,
"141","amanas",,3con,アマンス,Amans,
"142","amara",,1-2,不滅,Immortal,
"144","amavat",,3con,アマバット,Amavat,
"148","amedhya",,1-2,汚れた,unclean,
"145","amitra",,1-2,アミトラ,Amitra,
"146","amṛta",,1-2,梨,pear,
"147","amṛtā",,1-2,アムリタ,Amrita,
"88","anakṣ",,3s,Anx,Anx,
"91","ananta",,1-2,無限,Infinite,
"90","ananumeya",,1-2,許可されない,Unpermissible,
"92","ananya",,1-2,エクスクルーシブ,exclusive,
"93","anavapṛgṇa",,1-2,説明のつかない,Unexplained,
"87","anaṃta",,1-2,インフィニティ,Infinity,
"89","anaṅga",,1-2,アナン,Anang,
"119","andha",,1-2,盲目,blind,
"113","anedya",,1-2,アネディア,Anedya,
"112","aneka",,1-2,たくさんの,Many,
"100","anindriya",,1-2,無感覚,Insensible,
"101","aniruddha",,1-2,アニルッダ,Aniruddha,
"99","anitya",,1-2,普通でない,unusual,
"120","anna",,1-2,穀物,cereal,
"114","anta",,1-2,終わり,The end,
"115","antama",,1-2,最後のもの,The last one,
"116","antara",,1-2,違い,The difference,
"117","antavat",,3con,ついに,Finally,
"118","antārāṣṭriya",,1-2,国際的,International,
"104","anudātta",,1-2,承諾する,granted,
"103","anuka",,1-2,アヌク,Anuk,
"107","anuloma",,1-2,アヌロム,Anulom,
"106","anumeya",,1-2,許容される,Permissible,
"105","anunāsika",,1-2,鼻,Nasal,
"109","anusāra",,1-2,によると,According to,
"108","anuśāsaka",,1-2,懲戒者,Disciplinarian,
"121","anya",,1-2,その他,Others,
"122","anyonya",,1-2,お互い,Each other,
"98","anāhāra",,1-2,飢餓,starvation,
"96","anāmaya",,1-2,アナマヤ,Anamaya,
"95","anāpatti",,3i,異議なし,No objection,
"97","anārya",,1-2,無視する,Ignorant,
"94","anātha",,1-2,孤児,Orphan,
"102","anīśa",,1-2,アニッシュ,Anish,
"110","anūpa",,1-2,アヌープ,Anoop,
"111","anṛkṣara",,1-2,アンリクシャラ,Anrikshara,
"123","apara",,1-2,アッパー,Upper,
"125","aparimāṇa",,1-2,計り知れない,immense,
"127","aparyuṣita",,1-2,未熟,unripe,
"126","aparyāpta",,1-2,不十分,Insufficient,
"124","aparādhin",,3n,犯罪者,The criminal,
"128","apeya",,1-2,Apey,Apey,
"129","apracetas",,3con,アプラチェタス,Aprachetas,
"130","aprati",,3i,複製されていません,Unreplicated,
"131","apratima",,1-2,比類のない,Unparalleled,
"154","aramati",,3i,アルマティ,Armati,
"155","arasa",,1-2,アラス,Aras,
"153","araṇa",,1-2,アラン,Aran,
"164","arbha",,1-2,Arbh,Arbh,
"165","arbhaga",,1-2,Arbhag,Arbhag,
"158","arc",,3s,アーチ,Arch,
"161","ardha",,1-2,半分,half,
"162","ardhaka",,1-2,の半分,Half of the,
"166","arhat",,1-2,羅漢,Arhat,
"167","arhita",,1-2,Arhit,Arhit,
"156","aritra",,1-2,アリトラ,Aritra,
"159","arjita",,1-2,稼いだ,Earned,
"160","arjuna",,1-2,アルジュナ,Arjuna,
"163","arpaṇa",,1-2,募集,Offering,
"157","aruṣa",,1-2,アルーシャ,Arusha,
"197","asahāya",,1-2,無力,Helpless,
"195","asat",,3con,間違い,False,
"196","asatya",,1-2,間違い,false,
"193","asaṃkḷpta",,1-2,簡略化されていない,Unabridged,
"194","asaṅkhyeya",,1-2,無数,Innumerable,
"203","asecana​",,1-2,灌漑,Irrigation,
"202","asinva",,1-2,Asinv,Asinv,
"200","asita",,1-2,Asit,Asit,
"201","asitabhrū",,4u,Asitabhru,Asitabhru,
"204","asthira",,1-2,不安定,Unstable,
"198","asādhāraṇa",,1-2,並外れた,Extraordinary,
"199","asāra",,1-2,Asar,Asar,
"72","atala",,1-2,アタル,Atal,
"78","atharvāṅgirasa",,1-2,Atharvangiras,Atharvangiras,
"73","atikāya",,1-2,過剰な体,Excessive body,
"74","atireka",,1-2,過剰,Excess,
"76","atulya",,1-2,比類のない,Incomparable,
"77","atyadbhuta",,1-2,非常に素晴らしい,Extremely wonderful,
"75","atīta",,1-2,合格した,passed,
"172","avadhāraṇa",,1-2,概念,Concept,
"178","avaidika",,1-2,非ヴェーダ,non-Vedic,
"173","avaśin",,3n,Avshin,Avshin,
"175","avidvas",,1-2,Avidvas,Avidvas,
"174","avidya",,1-2,Avidya,Avidya,
"176","avināśya",,1-2,不滅,Indestructible,
"179","avyaya",,1-2,無限大,Infinitive,
"180","avyākṛta",,1-2,説明のつかない,Unexplained,
"177","avīci",,3i,アビチ,Avichi,
"151","ayodhya",,1-2,アヨディア,Ayodhya,
"152","ayodhyā",,1-2,アヨディア,Ayodhya,
"150","ayudhya",,1-2,アユディア,Ayudhya,
"149","ayuta",,1-2,アユット,Ayut,
"181","aśakta",,1-2,無効,Disabled,
"185","aśrumukha",,1-2,涙の顔,Tearful face,
"184","aśrīra",,1-2,Ashrir,Ashrir,
"183","aśubha",,1-2,不吉,Ominous,
"182","aśuddha",,1-2,正しくない,Incorrect,
"186","aśvattha",,1-2,アシュヴァッタ,Ashvattha,
"187","aśvaścandra",,1-2,アシュワチャンドラ,Ashwa Chandra,
"188","aśvin",,3n,アシュウィン,Ashwin,
"4","aṃhu",,4u,アンフー,Anhu,
"3","aṃsala",,1-2,アンサル,Ansal,
"1","aṃśaka",,1-2,分母,Denominator,
"2","aṃśumat",,3con,アンシュマット,Anshumat,
"55","aṅkita",,1-2,マークされた,marked,
"71","aṇu",,4u,分子,Molecules,
"5","aṛṇin",,4u,アリニン,Arinin,
"190","aṣāl̤ha",,1-2,アシャル,Ashalh,
"189","aṣāḍha",,1-2,アシャド,Ashadh,
"191","aṣṭaka",,1-2,アシュタカ,Ashtaka,
"192","aṣṭama",,1-2,第8,Eighth,
"890","babhru",,4u,ビーバー,Beaver,
"886","baddha",,1-2,バウンド,Bound,
"887","badhira",,1-2,聴覚障がい,deaf,
"894","bahu",,4u,多数,Multiple,1
"895","bahuka",,1-2,多数,Multiple,1
"897","bahula",,1-2,多くの,plenty,1
"896","bahumūlya",,1-2,貴重,Precious,
"898","bahuvikalpīya​",,1-2,複数の選択肢,Multiple choice,
"899","bahuvrīhi",,3i,複数,Plural,
"900","bahvṛca",,1-2,バーブリッヒ,Bahvrich,
"913","baijika",,1-2,バジック,Bagic,
"892","bala",,1-2,力,force,
"893","balīvardaḥ",,1-2,バリヴァルダ,Balivardah,
"889","bandhana",,1-2,ボンデージ,Bondage,
"888","bandin",,3n,バンディン,Bandin,
"891","barbara",,1-2,野蛮人,Barbarians,
"928","bhadra",,1-2,紳士,Gentleman,
"923","bhagna",,1-2,壊れた,Broken,
"922","bhakta",,1-2,信者,devotee,
"935","bhalla",,1-2,バラ,Bhalla,
"931","bhara",,1-2,塗りつぶし,fill,
"933","bharat",,3con,バーラト,Bharat,
"932","bharaṇa",,1-2,充填,Filling,
"934","bhariṣa",,1-2,バリッシュ,Bharish,
"964","bhauma",,1-2,地球,Earth,
"936","bhavat",,3con,あなたはされています,You've been,
"937","bhavitavya",,1-2,将来,future,
"938","bhaviṣya",,1-2,将来,future,
"939","bhavya",,1-2,壮大,magnificent,
"929","bhayaṃkara",,1-2,ひどい,Terrible,
"930","bhayaṅkara",,1-2,ひどい,Terrible,
"925","bhañjaka",,1-2,ブレーカ,Breaker,
"926","bhañjin",,3n,バンジン,Bhanjin,
"924","bhaṅga",,1-2,違反,breach,
"927","bhaṭṭa",,1-2,バット,Bhatt,
"960","bheṣaja",,1-2,薬剤師,Pharmacist,
"961","bheṣajya",,1-2,薬,Medicine,
"949","bhid",,3s,ビッド,Bhid,
"950","bhinna",,1-2,刺す,stab,
"962","bhogya",,1-2,楽しい,enjoyable,
"963","bhojana",,1-2,お食事,meal,
"955","bhugna",,1-2,ブグナ,Bhugna,
"940","bhāgavata",,1-2,バガヴァット,Bhagavat,
"941","bhāgya",,1-2,運命,fate,
"942","bhāra",,1-2,ロード,load,
"943","bhārata",,1-2,インド,India,
"944","bhārika",,1-2,重い,Heavy,
"945","bhārin",,3n,バリン,Bharin,
"946","bhāvita",,1-2,感情の,emotional,
"947","bhāvya",,1-2,未来,Future,
"948","bhāṣita",,1-2,話した,spoken,
"952","bhīma",,1-2,ビム,Bhim,
"951","bhīta",,1-2,腰抜け,coward,
"953","bhīṣaṇa",,1-2,ひどい,Terrible,
"954","bhīṣma",,1-2,ビシュマ,Bhishma,
"958","bhūri",,3i,ブリー,Bhuri,
"956","bhūta",,1-2,その間,been,
"957","bhūtamaya",,1-2,幽霊のような,Ghostly,
"959","bhūṣaṇa",,1-2,装飾品,ornaments,
"914","bodhana",,1-2,啓発,Enlightenment,
"915","bodhi",,3i,菩提,Bodhi,
"916","bradhna",,1-2,ブラッドナ,Bradhna,
"918","brahmodya",,1-2,Brahmodya,Brahmodya,
"917","brahmāṇḍa",,1-2,大宇宙,The universe,
"919","brāhma",,1-2,ブラフマ,Brahma,
"920","brāhmaṇa",,1-2,ブラミンズ,Brahmins,
"921","brāhmi",,3i,ブラフミ,Brahmi,
"909","bubhukṣita",,1-2,お腹がすいた,hungry,
"910","bubhukṣu",,4u,お腹がすいた,hungry,
"906","buddha",,1-2,仏,Buddha,
"907","budh",,3s,水星,Mercury,
"908","budhna",,1-2,水曜日,Wednesday,
"905","bāhya",,1-2,外部の,external,
"902","bāla",,1-2,マイナー,minor,
"903","bāliśa",,1-2,子供っぽい,Childish,
"904","bāl̤ha",,1-2,バル,Balh,
"901","bāḍha",,1-2,洪水,Floods,
"912","bṛhant",,3con,ブラント,Brhant,
"911","bṛhat",,1-2,大きい,large,
"481","cakṣus",,3con,目,The eyes,
"486","candra",,1-2,ムーン,The moon,
"487","candrin",,3n,チャンドリン,Chandrin,
"483","catura",,1-2,頭がいい,Clever,
"484","caturaṅga",,1-2,チェス,chess,
"485","caturtha",,1-2,IV,IV,
"482","caṇḍa",,1-2,チャンダ,Chand,
"498","chid",,3s,穴,The hole,
"499","chidra",,1-2,穴,hole,
"500","chinna",,1-2,切る,cut,
"491","cikkaṇa",,1-2,スムーズ,Smooth,
"492","cikkiṇa",,1-2,チキン,Chikkin,
"495","cira",,1-2,Chir,Chir,
"493","citra",,1-2,写真,picture,
"494","citrabhānu",,4u,Chitrabhanu,Chitrabhanu,
"496","cukṣobhayiṣu",,4u,かき混ぜながら,in the stirring,
"489","cāndra",,1-2,ムーン,The moon,
"490","cāru",,4u,エレガント,elegant,
"488","cāturmāsya",,1-2,チャトゥルマシャ,Chaturmasya,
"497","cūrṇa",,1-2,粉,Powder,
"598","dagdha",,1-2,焦げた,Burnt,
"609","dahana",,1-2,燃焼,Combustion,
"654","dainika",,1-2,毎日,Daily,
"653","daitya",,1-2,悪魔,demon,
"656","daiva",,1-2,運命,Destiny,
"655","daiya",,1-2,与える,gives,
"597","dakṣiṇa",,1-2,南,south,
"601","dantamūlīya",,1-2,歯根,Dental root,
"602","dantya",,1-2,歯科,Dental,
"604","dartnu",,4u,ダルトヌ,Dartnu,
"603","dartṛ",,3r,ダートル,Dartr,
"605","darśana​",,1-2,ダルシャン,Darshan,
"599","datta",,1-2,ダット,Dutt,
"600","dattaka",,1-2,養子,Adoptive,
"607","daśama",,1-2,十,ten,
"608","daśaratha",,1-2,ダサラサ,Dasaratha,
"606","daśat",,3con,ダシャット,Dashat,
"646","deva",,1-2,神,God,
"648","devaputra",,1-2,神々の息子,Son of the gods,
"647","devatāsahāyin",,3n,デヴァタサハイン,Devatasahayin,
"649","devayāna",,1-2,デヴァヤン,Devayan,
"650","deśaja",,1-2,ネイティブ,native,
"652","deśya",,1-2,国,Country,
"651","deśīya",,1-2,ネイティブ,Native,
"667","dhanaṃjaya",,1-2,ダナンジェイ,Dhananjay,
"669","dhanika",,1-2,リッチ,rich,
"670","dhanin",,3n,リッチ,Rich,
"672","dhanya",,1-2,祝福された,blessed,
"668","dhanāḍhya",,1-2,リッチ,rich,
"671","dhanī",,3i,裕福,wealthy,
"674","dharmin",,3n,ダーミン,Dharmin,
"673","dharuṇa",,1-2,ダルン,Dharun,
"675","dhavala",,1-2,白い,white,
"686","dhenu",,4u,牛,Cow,
"678","dhiṣṇya",,1-2,ディシュニャ,Dhishnya,
"687","dhruva",,1-2,Dhruv,Dhruv,
"681","dhuni",,3i,曲,The tune,
"688","dhvānta",,1-2,暗闇,Darkness,
"676","dhārita",,1-2,開催,held,
"677","dhārmika",,1-2,宗教的,religious,
"679","dhīra",,1-2,Dheer,Dheer,
"680","dhīrya",,1-2,忍耐,Patience,
"682","dhūrta",,1-2,ずるい,sly,
"683","dhṛta",,1-2,Dhrut,Dhrut,
"684","dhṛṣu",,4u,ドルシュ,Dhrushu,
"685","dhṛṣṭa",,1-2,傲慢,arrogant,
"620","didhakṣu",,4u,ディダクシュ,Didhakshu,
"618","digdha",,1-2,ディグダ,Digdha,
"621","dina",,1-2,日,Day,
"622","dirghāyu",,4u,長寿,Longevity,
"623","divya",,1-2,神,Divine,
"619","diṅmukha",,1-2,南向き,South-faced,
"658","dravya",,1-2,もの,things,
"661","drogha",,1-2,ドロガ,Drogha,
"660","druhvan",,3n,Druhvan,Druhvan,
"659","drāviḍa",,1-2,ドラヴィッド,Dravid,
"629","dugdha",,1-2,牛乳,Milk,
"638","duh",,3s,ええと,Duh,
"633","durbala",,1-2,弱い,Weak,
"632","durdānta",,1-2,ダーダント,Durdant,
"630","durga",,1-2,要塞,Fortress,
"631","durjana",,1-2,ウィキッド,The wicked,
"636","durlabha",,1-2,不足している,scarce,
"635","durmanas",,3con,ダーマナス,Durmanas,
"634","durmati",,3i,悪意のある,ill-intentioned,
"637","duvasyu",,4u,Duvasyu,Duvasyu,
"626","duḥkha",,1-2,苦しむ,suffer,
"627","duḥkhin",,3n,苦しむ,Suffering,
"628","duḥkhī",,3i,悲しい,Sad,
"666","dvaimātura",,1-2,Dvaimatur,Dvaimatur,
"662","dvaya",,1-2,二,Two,
"664","dvi",,irr,2,two,
"665","dvitīya",,1-2,第二に,Secondly,
"663","dvādaśāha",,1-2,12,Twelve,
"657","dyumnin",,3n,デュムニン,Dyumnin,
"610","dākṣiṇya",,1-2,南部性,Southernity,
"612","dānin",,3n,ダニン,Danin,
"611","dāninī",,3i,ダニニ,Danini,
"614","dānu",,4u,ダヌ,Danu,
"613","dānī",,3i,慈善,charitable,
"615","dāra",,1-2,ダール,Dar,
"616","dāru",,4u,アルコール,Alcohol,
"617","dāruṇa",,1-2,ひどい,Terrible,
"624","dīna",,1-2,ディーン,Deen,
"625","dīrgha",,1-2,長いです,Long,
"641","dūl̤abha",,1-2,レア,rare,
"639","dūra",,1-2,遠く,far away,
"640","dūradarśana",,1-2,ドアダルシャン,Doordarshan,
"643","dṛl̤ha",,1-2,Drlh,Drlh,
"644","dṛśya",,1-2,視力,sight,
"642","dṛḍha",,1-2,固い,Firm,
"645","dṛṣṭa",,1-2,見た,seen,
"325","eka",,1-2,1,One,
"326","ekākin",,3n,エカキン,Ekakin,
"327","ekārtha",,1-2,単音節,monosyllabic,
"328","ekāsanika",,1-2,Ekasnic,Ekasnic,
"330","eva",,1-2,イブ,Eve,
"332","evaṃgata",,1-2,たとえそうであっても,Even so,
"331","evaṃkratu",,1-2,Evamkratu,Evamkratu,
"329","eḍa",,1-2,エド,Ed,
"333","eṣa",,1-2,これです,This is it,
"446","ga",,1-2,c,c,
"451","gabhasti",,3i,Gabhasti,Gabhasti,
"452","gabhīra",,1-2,深遠,profound,
"453","gamanīya",,1-2,アクセス可能,Accessible,
"454","gambhīra",,1-2,深刻,Serious,
"450","gandhi",,3i,におい,The smell,
"455","garbhadhārita",,1-2,妊娠中,Pregnant,
"456","garbhiṇī",,3i,妊娠中,pregnant,
"448","gata",,1-2,ガット,Gat,
"449","gatarasa",,1-2,ガタラス,Gataras,
"472","gaura",,1-2,ガウル,Gaur,
"471","gautama",,1-2,ゴータム,Gautam,
"470","gauḍa",,1-2,グード,Goud,
"447","gaṇanīya",,1-2,カウント可能,Countable,
"475","ghana",,1-2,質量,mass,
"480","ghora",,1-2,ゴール,Ghor,
"476","ghātin",,3n,ガーティン,Ghatin,
"477","ghātuka",,1-2,致命的,Fatal,
"479","ghṛta",,1-2,ギー,Ghee,
"478","ghṛṇita",,1-2,おぞましい,Disgusting,
"468","goda",,1-2,ラップ,Lap,
"469","gorūpa",,1-2,Gorup,Gorup,
"474","graiṣma",,1-2,夏,Summer,
"473","grāmya",,1-2,田舎,Rural,
"459","gujarātī",,3i,グジャラティ,Gujarati,
"461","gupta",,1-2,ひみつ,Secret,
"462","guru",,4u,達人,Guru,1
"460","guṇajña",,1-2,好意的,virtuous,
"458","gārhya",,1-2,Garhya,Garhya,
"457","gāḍha",,1-2,厚い,thick,
"465","gūl̤ha",,1-2,グール,Goolh,
"464","gūrta",,1-2,ガート,Gurt,
"463","gūḍha",,1-2,不思議な,Mysterious,
"466","gṛdhra",,1-2,グリッド,grid,
"467","gṛhya",,1-2,家庭,household,
"1533","ha",,1-2,h,h,
"1536","han",,3s,殺す,kill,
"1535","hanana",,1-2,ハナン,Hanan,
"1537","hara",,1-2,毎日,Every,
"1538","hari",,3i,ハリ,Hari,
"1541","harit",,3con,緑,Green,
"1540","harita",,1-2,緑,green,
"1539","hariṇa",,1-2,鹿,Deer,
"1542","harṣaṇa",,1-2,ハルシャン,Harshan,
"1543","harṣita",,1-2,喜んで,Delighted,
"1534","hata",,1-2,帽子,Hat,
"1544","havya",,1-2,ハヴィア,Havya,
"1548","hikkin",,3n,ヒッキン,Hickin,
"1551","hima",,1-2,氷,ice,
"1552","himavat",,4u,ヒマバット,Himavat,
"1549","hita",,1-2,興味,Interests,
"1550","hitakāra",,1-2,恩人,benefactors,
"1547","hiṃsra",,1-2,獲物,prey,
"1558","hrasva",,1-2,短い,Short,
"1554","huta",,1-2,小屋,Hut,
"1545","hārda",,1-2,難しい,Hard,
"1546","hāsya",,1-2,笑い,laughter,
"1553","hīna",,1-2,劣る,inferior,
"1555","hūta",,1-2,フート,Hoot,
"1557","hṛdaya",,1-2,心臓,Heart,
"1556","hṛta",,1-2,フリット,Hrit,
"255","iddhāgni",,3i,Iddhagni,Iddhagni,
"256","ina",,1-2,これらは,These,
"257","indriya",,1-2,感覚,The senses,
"253","ita",,1-2,これ,It,
"254","itara",,1-2,他の,other,
"258","iṣṭa",,1-2,望ましい,Desired,
"501","ja",,1-2,h,h,
"502","jagat",,3con,世界,The world,
"503","jagdha",,1-2,ジャグダ,Jagdha,
"531","jaina",,1-2,ジャイン,Jain,
"511","jala",,1-2,水,Water,
"506","jana",,1-2,彼ら,guys,
"507","janya",,1-2,原動力,generative,
"509","jarat",,3con,ジャラット,Jarat,
"510","jarjara",,1-2,老朽化,Dilapidated,
"512","java",,1-2,オオムギ,Barley,
"508","jaya",,1-2,勝つ,win,
"505","jaṅgala",,1-2,密林,Jungle,
"504","jaṅgama",,1-2,可動,movable,
"530","jenya",,1-2,ジェニー,Jenny,
"519","jihvāmūlīya",,1-2,リンガルルート,lingual root,
"517","jita",,1-2,Jit,Jit,
"518","jitendriya",,1-2,感覚を征服した,conquered the senses,
"525","jugupsu",,4u,ジュグプス,Jugupsu,
"526","juṣṭa",,1-2,ただ,Just,
"536","jvara",,1-2,熱,Fever,
"535","jyogaparuddha",,1-2,Jyogaparuddha,Jyogaparuddha,
"534","jyāyas",,1-2,Jyays,Jyays,
"533","jñānin",,3n,知識がある,Knowledgeable,
"532","jñāta",,1-2,知っていた,knew,
"516","jāla",,1-2,トラップ,trap,
"514","jāta",,1-2,なりました,became,
"515","jātyaratnamaya",,1-2,Jatyaratnamaya,Jatyaratnamaya,
"513","jāṅgala",,1-2,密林,Jungle,
"521","jīrṇa",,1-2,使い古した,Worn out,
"520","jīta",,1-2,勝利,Victory,
"522","jīva",,1-2,生物,Organisms,
"523","jīvana",,1-2,人生,Life,
"524","jīvita",,1-2,生きている,alive,
"527","jū",,4u,ジュ,Ju,
"529","jūrṇa",,1-2,ジャーン,Jurn,
"528","jūta",,1-2,靴,Shoes,
"348","kadru",,4u,カドル,Kadru,
"362","kala",,1-2,"明日 ",Tomorrow,
"366","kalla",,1-2,カル,Kall,
"363","kalpa",,1-2,カルパ,Kalpa,
"364","kalpita",,1-2,イマジナリー,Imaginary,
"365","kalya",,1-2,"明日 ",Tomorrow,
"355","kamala",,1-2,ロータス,Lotus,
"354","kamara",,1-2,ウエスト,Waist,
"356","kampana",,1-2,振動,Vibration,
"357","kampita",,1-2,震え,trembling,
"349","kanaka",,1-2,金,Gold,
"350","kaniṣṭha",,1-2,ジュニア,Junior,
"351","kanīna",,1-2,カニン,Kanin,
"352","kapardin",,3n,カパルディン,Kapardin,
"353","kapilā",,1-2,カピラ,Kapila,
"358","karaṇa",,1-2,カラン,Karan,
"359","karaṇīya",,1-2,行われなければ,to be done,
"360","kari",,3i,カレー,Curry,
"361","karin",,3n,カリン,Karin,
"409","kaurava",,1-2,カウラバス,Kauravas,
"408","kautukin",,3n,奇妙,Curious,
"407","kauṭa",,1-2,カウト,Kaut,
"367","kavi",,3i,詩人,poet,
"341","kañcana",,1-2,かんちゃん,Kanchan,
"368","kaśyapa",,1-2,カシャップ,Kashyap,
"347","kaṇṭhya",,1-2,喉,Throat,
"369","kaṣṭa",,1-2,苦しむ,Suffering,
"343","kaṭhina",,1-2,難しい,Difficult,
"344","kaṭhinacitta",,1-2,心のこもった,hard-hearted,
"345","kaṭhinahṛdaya",,1-2,心のこもった,Hard-hearted,
"346","kaṭhora",,1-2,厳しい,strict,
"342","kaṭu",,4u,苦い,Bitter,
"403","kekara",,1-2,だれの,Whose,
"404","kevala",,1-2,それだけ,Only,
"405","keśin",,3n,ケシン,Keshin,
"438","khanitrima",,1-2,カニトリム,Khanitrim,
"439","khara",,1-2,カール,Khar,
"444","khela",,1-2,スポーツ,Sports,
"443","kheṭa",,1-2,ケット,Khet,
"442","khila",,1-2,咲く,Bloom,
"441","khinna",,1-2,キン,Khinn,
"445","khyāta",,1-2,有名,Famous,
"440","khādya",,1-2,食用,Edible,
"420","klānta",,1-2,疲れた,Tired,
"421","klāntamanas",,3con,疲れた心,Tired minds,
"406","komala",,1-2,繊細,delicate,
"410","krayya",,1-2,購入可能,Purchasable,
"416","kreya",,1-2,クレイ,Cray,
"417","krodhana",,1-2,怒り,Anger,
"418","krodhanīya",,1-2,怒り,Angry,
"419","kroṣṭṛ",,3r,Crostr,Crostr,
"414","kruddha",,1-2,激怒,furious,
"413","krīl̤a",,1-2,クリール,Creel,
"412","krīta",,1-2,クレタ,Crete,
"411","krīḍa",,1-2,信条,Creed,
"415","krūra",,1-2,残酷,cruel,
"393","kubja",,1-2,ハンチバック,Hunchback,
"395","kulva",,1-2,クルブ,Kulv,
"394","kulīna",,1-2,貴族,The nobility,
"392","kupita",,1-2,怒り,Angry,
"396","kuśala",,1-2,効率的,efficient,
"391","kuṭila",,1-2,曲がった,Crooked,
"384","kāla",,1-2,時間,Time,
"385","kālayukta",,1-2,時限,Timed,
"386","kāliya",,1-2,カリヤ,Kaliya,
"388","kālpanika",,1-2,架空の,Fictional,
"387","kālīna",,1-2,カーペット,Carpet,
"374","kāmaduh",,3s,カマドゥ,Kamaduh,
"373","kāmakeli",,3i,カンケリ,Kamkeli,
"375","kāmalampaṭa",,1-2,艶やかな,Lustful,
"377","kāmboja",,1-2,カンボジ,Kamboj,
"376","kāmuka",,1-2,エロティック,Erotic,
"378","kāmya",,1-2,望ましい,desirable,
"372","kānta",,1-2,カント,Kant,
"379","kāra",,1-2,車,Car,
"380","kāraka",,1-2,側面,aspect,
"381","kārdama",,1-2,カルダモン,Cardamom,
"382","kārpūra",,1-2,カープール,Carpur,
"383","kārya",,1-2,仕事,task,
"389","kāvya",,1-2,詩,poem,
"390","kāśmīra",,1-2,カシミール,Kashmir,
"371","kāṇa",,1-2,耳,Ears,
"370","kāṭa",,1-2,切る,Cut,
"397","kūṭa",,1-2,コード,Code,
"437","kḷpta",,1-2,クリップ,Clipped,
"398","kṛcchra",,1-2,面倒,troublesome,
"399","kṛta",,1-2,終わり,done,
"400","kṛtya",,1-2,証書,deed,
"401","kṛśa",,1-2,スリム,Slim,
"402","kṛṣṇa",,1-2,クリシュナ,Krishna,
"422","kṣatriya",,1-2,Kshatriyas,Kshatriyas,
"435","kṣema",,1-2,クシェマ,Kshema,
"436","kṣemin",,3n,クシェミン,Kshemin,
"425","kṣita",,1-2,kshit,kshit,
"431","kṣubdha",,1-2,かき混ぜる,Agitated,
"432","kṣubhita",,1-2,かき混ぜる,stirred,
"429","kṣudra",,1-2,ささいな,petty,
"430","kṣudraka",,1-2,ささいな,petty,
"433","kṣulla",,1-2,ささいな,petty,
"434","kṣullaka",,1-2,ささいな,petty,
"428","kṣuṇṇa",,1-2,破砕されました,crushed,
"423","kṣālana",,1-2,浸出,Leaching,
"424","kṣālita",,1-2,希釈,diluted,
"427","kṣīrada",,1-2,ミルキー,Milky,
"426","kṣīṇa",,1-2,枯渇,depleted,
"1139","labdha",,1-2,取得,Obtained,
"1136","laghu",,4u,小さな,small,
"1135","lagna",,1-2,ラグナ,Lagna,
"1152","laiṅga",,1-2,ラング,Lang,
"1153","laiṅgika",,1-2,性的,Sexual,
"1138","lajjāspada",,1-2,恥ずべき,Shameful,
"1134","lakṣa",,1-2,Lakhs,Lakhs,
"1142","lalita",,1-2,ラリット,Lalit,
"1141","lambodara",,1-2,ランボダー,Lambodar,
"1140","lampaṭa",,1-2,艶やかな,Lustful,
"1158","laukya",,1-2,ラウキャ,Laukya,
"1143","lavaṇa",,1-2,塩,Salt,
"1137","laṅga",,1-2,ラング,Lang,
"1151","lekhana",,1-2,書き込み,writing,
"1147","lih",,3s,リー,Lih,
"1146","lipta",,1-2,関与,involved,
"1154","lobhin",,3n,Lovin,Lovin,
"1156","loha",,1-2,鉄,Iron,1
"1157","lohita",,1-2,Lohit,Lohit,1
"1155","lola",,1-2,笑,Lol,
"1150","lubdha",,1-2,よく深い,Greedy,
"1149","lupta",,1-2,絶滅,extinct,
"1145","lālasa",,1-2,ララス,Lalas,
"1144","lāñchita",,1-2,ランチット,Lanchit,
"1148","līḍha",,1-2,鉛,Lead,
"973","madana",,1-2,マダン,Madan,
"976","madhura",,1-2,甘い,Sweet,
"977","madhya",,1-2,真ん中,Middle,
"978","madhyama",,1-2,中くらい,medium,
"979","madhyastha",,1-2,仲介者,The intermediary,
"974","madira",,1-2,寺,Temple,
"975","madya",,1-2,アルコール,Alcohol,
"966","magna",,1-2,マグン,Magn,
"1005","mah",,3s,マー,Mah,
"991","maha",,1-2,マー,Mah,
"994","maharddhika",,1-2,マハルディカ,Mahardhika,
"992","mahat",,3con,偉大な,Great,1
"993","mahattama",,1-2,最大,The greatest,
"1004","mahiṣa",,1-2,バッファロー,Buffalo,
"996","mahān",,3n,すごい,great,
"997","mahāprāṇa",,1-2,マハプラナ,Mahaprana,
"998","mahārgha",,1-2,高い,Expensive,
"995","mahātman",,3n,マハトマン,Mahatman,
"999","mahāvīra",,1-2,マハビル,Mahavir,
"1001","mahāvīram",,1-2,Mahaveerm,Mahaveerm,
"1003","mahāvīrau",,3con,マハビラウ,Mahavirau,
"1000","mahāvīraḥ",,1-2,偉大な英雄,The great hero,
"1002","mahāvīrāḥ",,1-2,偉大な英雄,The great heroes,
"1045","maitreya",,1-2,フレンドリー,friendly,
"965","makṣū",,4u,マクシュ,Makshu,
"987","mala",,1-2,うんこ,poop,
"990","malha",,1-2,マル,Malh,
"988","malina",,1-2,汚れた,Dirty,
"989","malīyas",,3con,マリアス,Malias,
"984","mandara",,1-2,寺,Temple,
"982","manogata",,1-2,心理的,Psychological,
"983","manohara",,1-2,マノハール,Manohar,
"980","manu",,4u,マヌー,Manu,
"981","manuṣya",,1-2,人間,Human beings,
"985","marda",,1-2,その男,The man,
"986","mardana",,1-2,粉砕,Crushing,
"972","matta",,1-2,マット,Matt,
"1048","maukhika",,1-2,オーラル,Oral,
"968","mañjiṣṭha",,1-2,マンジシュタ,Manjishta,
"969","mañju",,4u,まんじゅ,Manju,
"970","mañjula",,1-2,マンジュール,Manjul,
"967","maṅgala",,1-2,火曜日,Tuesday,
"971","maṇḍala",,1-2,マンダル,Mandal,
"1043","medhira",,1-2,Medhir,Medhir,
"1042","medhāvin",,3n,メダビン,Medhavin,
"1044","meya",,1-2,多分,Maybe,
"1020","mithuna",,1-2,ジェミニ,Gemini,
"1021","miśra",,1-2,ミシュラ,Mishra,
"1049","mlāta",,1-2,Mlat,Mlat,
"1047","mohana",,1-2,モハン,Mohan,
"1046","momugha",,1-2,Momugh,Momugh,
"1029","muc",,3s,多くの,Much,
"1028","mugdha",,1-2,素晴らしかった,fascinated,
"1027","mukhya",,1-2,チーフ,chief,
"1026","mukta",,1-2,ゆるい,loose,
"1030","muṇḍa",,1-2,ムンド,Mund,
"1009","mādhava",,1-2,マダブ,Madhav,
"1010","mādhavīya",,1-2,マダビヤ,Madhaviya,
"1017","mālava",,1-2,マラバ,Malava,
"1018","mālin",,3n,マリン,Malin,
"1011","mānasa",,1-2,マナス,Manas,
"1012","mānasika",,1-2,メンタル,mental,
"1014","māra",,1-2,3月,Mar,
"1016","mārga",,1-2,追跡,track,
"1015","māruka",,1-2,マルク,Maruk,
"1019","māsika",,1-2,毎月,Monthly,
"1008","mātula",,1-2,母方の叔父,Maternal uncle,
"1013","māyin",,3n,メイイン,Mayin,
"1006","māṅgalika",,1-2,マンガリック,Mangalik,
"1007","māṇḍalika",,1-2,マンダリック,Mandalik,
"1025","mīl̤huṣṭama",,1-2,ミルフシュタム,Milhushtam,
"1022","mīḍha",,1-2,Meedha,Meedha,
"1023","mīḍhuṣṭama",,1-2,Meedhushtam,Meedhushtam,
"1024","mīḍhvas",,3con,Meedhvas,Meedhvas,
"1031","mūka",,1-2,ミュート,mute,
"1038","mūlya",,1-2,価格,price,
"1033","mūra",,1-2,ムーア,Moore,
"1035","mūrcchita",,1-2,気絶,Fainted,
"1036","mūrchana",,1-2,失神,fainting,
"1037","mūrchita",,1-2,気絶,Fainted,
"1034","mūrkha",,1-2,愚か者,Fools,
"1032","mūḍha",,1-2,馬鹿げた,Foolish,
"1040","mṛdu",,4u,軽度,mild,
"1041","mṛdula",,1-2,優しい,gentle,
"1039","mṛta",,1-2,死,dead,
"694","nabhya",,1-2,ナビヤ,Nabhya,
"690","nagara",,1-2,都市,The city,
"689","nagaṇya",,1-2,無視できる,Negligible,
"691","nagna",,1-2,裸,Naked,
"698","nalada",,1-2,ナルド,Nald,
"695","namana",,1-2,私たちの敬意,Our salutations,
"696","namra",,1-2,謙虚,Humble,
"693","nandaka",,1-2,ナンダク,Nandak,
"697","narya",,1-2,ナリヤ,Narya,
"692","nata",,1-2,ナット,Nat,
"699","nava",,1-2,新しい,New,
"700","navama",,1-2,9番目,Ninth,
"702","navodaya",,1-2,ナボダヤ,Navodaya,
"703","navodita",,1-2,新人,Newcomer,
"704","navya",,1-2,ナヴィア,Navya,
"701","navīna",,1-2,Naveen,Naveen,
"705","naṣṭa",,1-2,破壊されました,Destroyed,
"706","naṣṭakriya",,1-2,破壊的な,Destructive,
"746","nediṣṭha",,1-2,ネディシュタ,Nedishta,
"747","nedīyas",,3con,ネディウス,Nedius,
"748","nema",,1-2,名前,Name,
"745","netṛ",,3r,リーダー,Leader,
"720","nija",,1-2,プライベート,Private,
"719","nikhila",,1-2,ニキル,Nikhil,
"718","nikta",,1-2,Nikt,Nikt,
"723","nimna",,1-2,下,Below,
"722","nindita",,1-2,非難,condemned,
"724","nirantara",,1-2,連続,Continuous,
"725","nirarthaka",,1-2,無意味,pointless,
"728","nirbala",,1-2,弱い,Weak,
"731","nirbhara",,1-2,それによる,depend,
"730","nirbhaya",,1-2,大胆不敵,Fearless,
"729","nirbuddhi",,3i,ニルブッディ,Nirbuddhi,
"727","nirdoṣa",,1-2,無垢,Innocent,
"732","nirmama",,1-2,冷酷,Ruthless,
"733","nirmukta",,1-2,免除,Exempt,
"726","nirukta",,1-2,ニルクタ,Nirukta,
"735","nirvaira",,1-2,ニルヴェア,Nirvair,
"734","nirvāṇa",,1-2,涅槃,Nirvana,
"721","nitya",,1-2,毎日,Everyday,
"736","niṣatta",,1-2,Niṣatta,Niṣatta,
"737","niṣkāraṇa",,1-2,原因なし,without cause,
"739","niṣṇāta",,1-2,エキスパート,Expert,
"738","niṣṭapta",,1-2,静かな,quiet,
"749","nyūna",,1-2,急性,acute,
"710","nāciketa",,1-2,なちけた,Nachiketa,
"713","nādeya",,1-2,ナデイ,Nadey,
"708","nāga",,1-2,ヘビ,The snake,
"709","nāgin",,3n,ナギン,Nagin,
"707","nāka",,1-2,鼻,The nose,
"714","nāmaka",,1-2,名前付き,named,
"715","nāraka",,1-2,地獄,Hell,
"716","nārāyaṇa",,1-2,ナラヤン,Narayan,
"717","nāstika",,1-2,無神論者,Atheist,
"712","nātha",,1-2,ナス,Nath,
"711","nāṭaka",,1-2,ドラマ,Drama,
"740","nīca",,1-2,低く,lowly,
"742","nīla",,1-2,青い,blue,
"743","nīlalohita",,1-2,青赤,blue-red,
"741","nīta",,1-2,ポリシー,Policy,
"744","nūtana",,1-2,新しい,New,
"338","ojodā",,1-2,お嬢田,Ojoda,
"337","ojīyas",,1-2,オジウス,Ozius,
"339","oṣa",,1-2,OSH,OSH,
"340","oṣṭhya",,1-2,唇,lips,
"756","padma",,1-2,パドマ,Padma,
"750","paktṛ",,3r,パクトリ,Paktri,
"751","pakva",,1-2,熟した,ripe,
"752","pakṣin",,3n,鳥,birds,
"772","palita",,1-2,パリット,Palit,
"771","palāyin",,3n,彼らは逃げた,They fled,
"770","palāyita",,1-2,逃げた,escaped,
"757","para",,1-2,に,on the,
"762","parimanyu",,4u,パリマニュ,Parimanyu,
"761","parituṣṭa",,1-2,満足し,Satisfied,
"763","parivartana",,1-2,変化する,Change,
"764","parivartita",,1-2,変換された,Converted,
"765","pariviṣṭa",,1-2,同封,Enclosed,
"760","pariṇīta",,1-2,結婚,Married,
"766","paruṣa",,1-2,気難しい,grumpy,
"769","parvata",,1-2,山,mountain,
"767","paryuṣita",,1-2,Paryushit,Paryushit,
"768","paryuṣṭa",,1-2,パリウシュタ,Paryushta,
"758","parākramī",,3i,マイティ,Mighty,
"759","parātpara",,1-2,パラパラ,Paratpara,
"829","pauruṣa",,1-2,男らしさ,Manhood,
"830","pauṣṭika",,1-2,栄養を与える,Nourishing,
"773","pavamāna",,1-2,風,The wind,
"774","pavitra",,1-2,ピュア,pure,
"753","pañcaka",,1-2,パンチャク,Panchak,
"754","pañcama",,1-2,5番目,Fifth,
"775","paśavya",,1-2,動物,Animals,
"776","paścima",,1-2,西,west,
"755","paṇḍita",,1-2,パンディット,Pandit,
"884","phiraṅgin",,3n,フィランギン,Firangin,
"885","phulla",,1-2,満杯,Full,
"796","pinaddha",,1-2,固定,pinned,
"795","pitṛyāṇa",,1-2,ピトリヤヤナ,Pitriyayana,
"794","piñjara",,1-2,ケージ,Cage,
"797","piśaṅga",,1-2,ピシャン,Pishang,
"792","piṅga",,1-2,ping,Ping,
"793","piṅgala",,1-2,茶色,brown,
"798","piṣṭa",,1-2,生地,dough,
"881","plava",,1-2,浮く,Float,
"882","plavaṃga",,1-2,プランクトン,Plankton,
"825","poṣaka",,1-2,栄養素,Nutrients,
"826","poṣaṇa",,1-2,栄養,nutrition,
"827","poṣita",,1-2,大切に,cherished,
"828","poṣya",,1-2,Poshya,Poshya,
"850","prabhava",,1-2,ソース,Source,
"851","prabhu",,4u,主,Lord,
"849","prabudh",,3s,悟りを開いた,Enlightened,
"836","pracalita",,1-2,流行している,Prevalent,
"837","pracetas",,3con,プラチェタス,Prachetas,
"848","pradhāna",,1-2,主要,Principal,
"879","praiṇāna",,1-2,プラナン,Prainan,
"839","prajñātman",,3n,プラジナトマン,Prajnatman,
"838","prajākāma",,1-2,プラジャカム,Prajakam,
"835","prakṣālita",,1-2,洗った,Washed,
"852","pramatta",,1-2,プラマッタ,Pramatta,
"854","pramukha",,1-2,頭,Head,
"853","pramādin",,3n,プラマディン,Pramadin,
"857","prasanna",,1-2,楽しい,pleasant,
"858","prasiddha",,1-2,有名,Famous,
"859","prastuta",,1-2,提示,Presented,
"860","prasvinna",,1-2,プラスヴィン,Prasvinn,
"847","prathama",,1-2,初め,First,
"841","pratibuddha",,1-2,悟りを開いた,Enlightened,
"842","pratiloma",,1-2,逆,Inverse,
"843","pratiṣṭhita",,1-2,名門,Prestigious,
"845","pratyutpanna",,1-2,再現,Reproduced,
"846","pratyuṣṭa",,1-2,Pratyushta,Pratyushta,
"840","pratāḍita",,1-2,迫害,persecuted,
"844","pratīka",,1-2,シンボル,Symbols,
"880","prauḍha",,1-2,大人,Adults,
"856","pravaha",,1-2,フロー,Flow,
"855","pravara",,1-2,目立つ,Prominent,
"834","praügya",,1-2,プラウギャ,Praugya,
"876","preta",,1-2,幽霊,ghost,
"877","preṣita",,1-2,送信済,sent,
"878","preṣṭha",,1-2,お気に入り,Favorite,
"871","priya",,1-2,お気に入り,favorite,
"872","priyakāraka",,1-2,愛されし者,beloved,
"873","priyasvapna",,1-2,親愛なる夢,Dear dream,
"863","prācya",,1-2,オリエンタル,Oriental,
"862","prācīna",,1-2,古代,Ancient,
"861","prākṛta",,1-2,プラクリット,Prakrit,
"868","prānta",,1-2,州,Province,
"869","prāpya",,1-2,売掛金,Receivable,
"870","prārambhika",,1-2,イニシャル,Initial,
"867","prāthamika",,1-2,主要な,primary,
"865","prātipada",,1-2,発音,Pronouns,
"866","prātirūpika",,1-2,プロトタイプ,Prototypical,
"864","prāṇin",,3n,プラニン,Pranin,
"874","prī",,3i,プレ,Pre,
"875","prīta",,1-2,Preet,Preet,
"883","psāta",,1-2,Psat,Psat,
"808","pula",,1-2,橋,Bridge,
"809","pulakita",,1-2,プルキット,Pulkit,
"810","pulasti",,3i,プラスティ,Pulasti,
"811","pulla",,1-2,橋,Bridge,
"803","puraṃdhi",,3i,プランディ,Purandhi,
"807","purohita",,1-2,祭司,priest,
"805","puru",,4u,プル,Puru,
"806","puruṣād",,3s,男から,from the man,
"804","purāṇa",,1-2,プラナ,Puranas,
"802","putrakāma",,1-2,プトラカマ,Putrakama,
"813","puṣkala",,1-2,プシュカル,Pushkal,
"812","puṣkarin",,3n,プシュカリン,Pushkarin,
"814","puṣṭa",,1-2,確認済み,Confirmed,
"831","pyāna",,1-2,パン,Pan,
"832","pyāyana",,1-2,飲酒,Drinking,
"833","pyāyita",,1-2,飲める,Drinkable,
"778","pāgala",,1-2,クレイジー,Crazy,
"777","pāka",,1-2,料理,cooking,
"782","pānīya",,1-2,水っぽい,Watery,
"783","pāpa",,1-2,罪,Sin,
"786","pāraga",,1-2,パラグ,Parag,
"787","pārthiva",,1-2,地上,Earthly,
"788","pārvaṇa",,1-2,パーバン,Parvan,
"789","pāvaka",,1-2,火,Fire,
"784","pāyasa",,1-2,乳剤,emulsion,
"785","pāyya",,1-2,Payya,Payya,
"790","pāścātya",,1-2,西部,Western,
"780","pāṇḍava",,1-2,パンダバス,Pandavas,
"781","pāṇḍu",,4u,パンドゥ,Pandu,
"791","pāṣaṇḍa",,1-2,異端,heresy,
"779","pāṭala",,1-2,ピンク,pink,
"800","pīna",,1-2,ピーン,Peen,
"801","pīpivas",,3con,Pipivas,Pipivas,
"799","pīta",,1-2,黄色,Yellow,
"817","pūra",,1-2,洪水,Flood,
"818","pūraka",,1-2,補足,Supplementary,
"820","pūrva",,1-2,前の,former,
"819","pūrṇa",,1-2,満杯,full,
"815","pūta",,1-2,息子,Son,
"816","pūti",,3i,プティ,Puti,
"822","pṛdākusānu",,4u,プリダクサヌ,Pridakusanu,
"821","pṛthu",,4u,プルトゥ,Pruthu,
"823","pṛṣat",,3con,Prisht,Prisht,
"824","pṛṣṭa",,1-2,尋ねた,asked,
"1083","raghu",,4u,ラグー,Raghu,
"1096","rahasya",,1-2,秘密,secret,
"1127","raivata",,1-2,Raivat,Raivat,
"1085","rajata",,1-2,銀,silver,
"1078","rakta",,1-2,赤,red,
"1080","raktahīna",,1-2,無血,bloodless,
"1079","raktaphala",,1-2,トマト,tomato,
"1081","raktākṣa",,1-2,目の充血,Red-eyed,
"1082","rakṣohan",,3n,ラクショハン,Rakshohan,
"1090","ramaṇa",,1-2,ラマン,Raman,
"1091","ramaṇīya",,1-2,楽しい,Delightful,
"1092","ramya",,1-2,美しい,Beautiful,
"1095","rasika",,1-2,Rasik,Rasik,
"1089","rathī",,3i,ラティ,Rathi,
"1133","raudra",,1-2,ラウドラ,Raudra,
"1132","raukma",,1-2,ルークム,Roukm,
"1093","rayi",,3i,Rayi,Rayi,
"1094","rayintama",,1-2,Rayintam,Rayintam,
"1086","rañjana",,1-2,ランジャン,Ranjan,
"1087","rañjita",,1-2,ランジット,Ranjit,
"1077","raṃhas",,3con,Ranhs,Ranhs,
"1076","raṃsu",,4u,らんす,Ransu,
"1084","raṅgin",,3n,ランギン,Rangin,
"1088","raṇḍa",,1-2,ランド,Rand,
"1126","rebha",,1-2,牧師Fr,Rev. Fr,
"1124","rekhāṅkita",,1-2,下線付き,Underlined,
"1125","repha",,1-2,参照,Ref,
"1105","rikta",,1-2,空所,void,
"1111","riphita",,1-2,Rifit,Rifit,
"1110","ripra",,1-2,Ripr,Ripr,
"1109","ripta",,1-2,裂け目,Ript,
"1106","ripu",,4u,敵,The enemy,
"1108","ripughna",,1-2,リプーナ,Ripughna,
"1107","ripughātin",,3n,リプガチン,Ripughatin,
"1112","riśādas",,3con,リシャッド,Rishads,
"1113","riṣṭa",,1-2,リシュト,Risht,
"1128","roca",,1-2,ローチ,Roach,
"1129","rocaka",,1-2,面白い,Interesting,
"1130","rocana",,1-2,ロチャン,Rochan,
"1131","rohita",,1-2,Rohit,Rohit,
"1116","ruci",,3i,味,taste,
"1117","rud",,3s,泣く,cry,
"1118","ruddha",,1-2,閉まっている,Closed,
"1120","rudhira",,1-2,血,Blood,
"1119","rudra",,1-2,ルドラ,Rudra,
"1115","rugṇa",,1-2,怪我した,injured,
"1101","rāddha",,1-2,ラダ,Raddha,
"1102","rādhya",,1-2,ラディア,Radhya,
"1098","rājana",,1-2,ラジャン,Rajan,
"1099","rājya",,1-2,州,State,
"1097","rākṣasa",,1-2,化け物,The monster,
"1103","rāma",,1-2,RAM,Ram,
"1100","rāti",,3i,夜,Night,
"1104","rāṣṭrīya",,1-2,国籍,nationality,
"1114","rīl̤ha",,1-2,リール,Reelh,
"1121","rūpaka",,1-2,比喩,Metaphor,
"1122","rūpavat",,3con,正式には,Formally,
"1123","rūpya",,1-2,Rs,Rs,
"1354","sa",,1-2,s,s,
"1394","sabhya",,1-2,ちゃんとした,Decent,
"1393","sabhārya",,1-2,妻,Wife,
"1373","saca",,1-2,真実,True,
"1383","sadāśiva",,1-2,Sadashiv,Sadashiv,
"1384","sadṛkṣa",,1-2,似ている,Similar,
"1386","sadṛś",,3s,似ている,Similar,
"1385","sadṛśa",,1-2,似ている,Similar,
"1416","saha",,1-2,と,with,
"1417","sahana",,1-2,許容する,tolerate,
"1418","sahasra",,1-2,千,Thousand,
"1419","sahasranetra",,1-2,サハスラネトラ,Sahasranetra,
"1421","sahita",,1-2,含む,including,
"1422","sahodara",,1-2,兄弟,sibling,
"1420","sahāya",,1-2,ヘルプ,Help,
"1485","sainika",,1-2,兵隊,Soldiers,
"1486","saira",,1-2,エクスカーション,Excursions,
"1374","sajjana",,1-2,紳士,Gentleman,
"1375","sajjita",,1-2,装備,equipped,
"1370","sakarmaka",,1-2,トランジティブ,transitive,
"1369","sakaṇṭaka",,1-2,とげのある,thorny,
"1372","sakta",,1-2,添付,Attached,
"1371","sakṛt",,3s,サクラット,Sakrat,
"1395","sama",,1-2,プレーン,plain,
"1397","samalaṃkṛta",,1-2,装飾,embellished,
"1396","samartha",,1-2,有能,Capable,
"1404","sammukha",,1-2,反対,Opposite,
"1401","sampanna",,1-2,繁栄,prosperous,
"1402","sampādita",,1-2,編集済み,Edited,
"1403","sampūraka",,1-2,補完的,Complementary,
"1398","samāna",,1-2,同じ,same,
"1399","samāviṣṭa",,1-2,含まれています,Included,
"1400","samṛddha",,1-2,繁栄,Prosperous,
"1387","sana",,1-2,太陽,Sun,
"1388","sanaka",,1-2,クレイズ,Craze,
"1389","sanātana",,1-2,サナタン,Sanatan,
"1392","saphala",,1-2,成功,successful,
"1391","saptama",,1-2,セブンス,Seventh,
"1390","saptatha",,1-2,セブンス,Seventh,
"1405","sarala",,1-2,単純,Simple,
"1406","sarasa",,1-2,サラス,Saras,
"1409","sarjanātmaka",,1-2,クリエイティブ,Creative,
"1408","saroja",,1-2,サロイ,Saroj,
"1410","sarpa",,1-2,ヘビ,snake,
"1407","saru",,4u,サル,Saru,
"1411","sarva",,1-2,全て,All,
"1412","sarvajit",,3con,サルヴァジット,Sarvajit,
"1415","saspiñjara",,1-2,サスピンガー,Suspinger,
"1378","satarka",,1-2,注意深い,cautious,
"1381","satphala",,1-2,サトファル,Satphal,
"1380","satputra",,1-2,サトプトラ,Satputra,
"1379","satta",,1-2,70,Seventy,
"1382","satya",,1-2,真実,Truth,
"1489","saumya",,1-2,優しい,Gentle,
"1490","saura",,1-2,太陽,Solar,
"1491","saurya",,1-2,太陽,Solar,
"1413","savana",,1-2,サバン,Savan,
"1414","savya",,1-2,左,Left,
"1376","sañjaya",,1-2,サンジェイ,Sanjay,
"1358","saṃdhi",,3i,条約,Treaty,
"1356","saṃgīta",,1-2,音楽,Music,
"1357","saṃjaya",,1-2,サンジェイ,Sanjay,
"1355","saṃkramita",,1-2,感染した,Infected,
"1366","saṃlagna",,1-2,添付,attached,
"1360","saṃmukha",,1-2,反対,Opposite,
"1359","saṃpanna",,1-2,完了,Completed,
"1365","saṃrakṣita",,1-2,保守的,conservative,
"1367","saṃskṛta",,1-2,サンスクリット,Sanskrit,
"1368","saṃskṛtajña",,1-2,サンスクリット学者,Sanskrit scholar,
"1362","saṃyamin",,3n,サンヤミン,Sanyamin,
"1361","saṃyaminī",,3i,Sanyamini,Sanyamini,
"1363","saṃyamī",,3i,温和,temperate,
"1364","saṃyukta",,1-2,ジョイント,joint,
"1377","saṭīka",,1-2,正確,precise,
"1484","setu",,4u,橋,bridge,
"1445","siddha",,1-2,準備,prepared,
"1446","siddhārtha",,1-2,シッダールタ,Siddhartha,
"1447","sinva",,1-2,Sinv,Sinv,
"1444","sita",,1-2,9月,Sept,
"1443","siṃhāsya",,1-2,ライオンの顔,Lion's face,
"1506","smara",,1-2,覚えて,Remember,
"1507","smaranipuṇa",,1-2,スマラニプン,Smaranipun,
"1508","smarātura",,1-2,Smaratur,Smaratur,
"1510","smera",,1-2,Smer,Smer,
"1509","smṛta",,1-2,覚えている,Remembered,
"1502","snāta",,1-2,入浴,Bathe,
"1488","solluṇṭha",,1-2,ソルンス,Sollunth,
"1487","soḍha",,1-2,Sodh,Sodh,
"1503","spaṣṭa",,1-2,明らかに,Clearly,
"1504","spṛdh",,3s,Sprudh,Sprudh,
"1505","spṛṣṭa",,1-2,触れた,Touched,
"1512","sruta",,1-2,ソース,Source,
"1492","starya",,1-2,レベル,level,
"1501","stheṣṭha",,1-2,Stheshta,Stheshta,
"1499","sthira",,1-2,安定,Stable,
"1498","sthita",,1-2,位置した,Located,
"1496","sthāpana",,1-2,インストール,Installation,
"1497","sthāvara",,1-2,安定,stable,
"1495","sthāṇu",,4u,安定,Stable,
"1500","sthūra",,1-2,sthoor,sthoor,
"1494","stuta",,1-2,賞賛,praised,
"1493","stīrṇa",,1-2,広げた,splayed,
"1461","subhadra",,1-2,サブハドラ,Subhadra,
"1460","subhaga",,1-2,サブハグ,Subhag,
"1453","sudṛś",,3s,Sudrish,Sudrish,
"1451","sugama",,1-2,簡単,Easy,
"1450","sugandha",,1-2,香り,Fragrance,
"1452","sugrīva",,1-2,スグリバ,Sugriva,
"1448","sukha",,1-2,幸福,Happiness,
"1449","sukhin",,3n,スクヒン,Sukhin,
"1462","sumati",,3i,スマティ,Sumati,
"1463","sumna",,1-2,合計,Sumn,
"1455","sundara",,1-2,美しい,Beautiful,
"1456","sundarī",,3i,美しい,Beautiful,
"1454","sunīta",,1-2,Sunit,Sunit,
"1457","suparṇa",,1-2,スパルナ,Suparna,
"1459","supta",,1-2,眠いです,sleepy,
"1458","supāra",,1-2,見事,Superb,
"1464","suramya",,1-2,絵のように美しい,Picturesque,
"1465","surūpa",,1-2,美しい,Beautiful,
"1476","susajjita",,1-2,装備,Equipped,
"1475","susaṃskṛta",,1-2,十分な教育を受けた,Well-educated,
"1477","susvādu",,4u,おいしい,Delicious,
"1466","suvarṇa",,1-2,金,Gold,
"1471","suścandra",,1-2,スシャンドラ,Suschandra,
"1467","suśeva",,1-2,Susheva,Susheva,
"1468","suśevas",,1-2,Sushevas,Sushevas,
"1469","suśevya",,1-2,Sushevya,Sushevya,
"1470","suśoka",,1-2,Sushok,Sushok,
"1472","suśrapa",,1-2,Sushrap,Sushrap,
"1473","suśravas",,3con,Sushravas,Sushravas,
"1474","suṣupta",,1-2,睡眠状態,Dormant,
"1520","svalaṃkṛta",,1-2,自己装飾,self-adorned,
"1521","svalpa",,1-2,スワルプ,Swalp,
"1514","svapas",,1-2,スワップ,Swaps,
"1518","svarga",,1-2,至福,bliss,
"1519","svargya",,1-2,天気,Heaven,
"1516","svari",,3i,スワリ,Swari,
"1517","svarita",,1-2,有声,Voiced,
"1523","svastha",,1-2,健康,Healthy,
"1513","svatantra",,1-2,独立,Independent,
"1515","svayaṃvara",,1-2,Swayamvar,Swayamvar,
"1522","svaśva",,1-2,Swasv,Swasv,
"1531","sveda",,1-2,汗,Sweat,
"1532","svedana",,1-2,発汗,Sweating,
"1530","svinna",,1-2,スウィン,Swinn,
"1525","svādiṣṭha",,1-2,おいしい,Delicious,
"1526","svādu",,4u,おいしい,Delicious,
"1524","svāgata",,1-2,いらっしゃいませ,Welcome,
"1528","svārthin",,3n,自己中,selfish,
"1527","svārthinī",,3i,自己中,selfish,
"1529","svārthī",,3i,自己中,selfish,
"1511","syūta",,1-2,財布,purse,
"1423","sā",,1-2,彼女,she,
"1429","sādhana",,1-2,楽器,instrument,
"1432","sādhu",,4u,サドゥ,Sadhu,
"1434","sādhvalaṃkṛta",,1-2,よく飾られた,well-adorned,
"1433","sādhya",,1-2,達成可能,achievable,
"1430","sādhāra",,1-2,単純,Simple,
"1431","sādhāraṇa",,1-2,普通,Ordinary,
"1436","sāma",,1-2,サム,Sam,
"1437","sāmayācārika",,1-2,サマヤチャリカ,Samayacharika,
"1438","sāmānya",,1-2,普通,ordinary,
"1439","sāmūhika",,1-2,コレクティブ,Collective,
"1435","sāptāhika",,1-2,毎週,Weekly,
"1440","sāra",,1-2,物質,substance,
"1441","sārdha",,1-2,半分,half,
"1428","sāta",,1-2,セブン,Seven,
"1442","sāvadhāna",,1-2,注意してください,Beware,
"1426","sāḍha",,1-2,Saadh,Saadh,
"1424","sāṃkhya",,1-2,Sankhya,Sankhya,
"1425","sāṃvādika",,1-2,対応者,Correspondent,
"1427","sāṇḍa",,1-2,ブル,Bull,
"1478","sū",,4u,スー,Soo,
"1479","sūkta",,1-2,スクタ,Sukta,
"1480","sūkṣma",,1-2,微妙,Subtle,
"1482","sūrya",,1-2,太陽,sun,
"1481","sūta",,1-2,サット,Sut,
"1483","sṛṣṭa",,1-2,作成した,Created,
"538","taku",,4u,タク,Taku,
"539","takva",,1-2,Takv,Takv,
"555","talita",,1-2,タリット,Talit,
"556","tallīna",,1-2,吸収された,Absorbed,
"549","tamasvat",,3con,タマスバット,Tamasvat,
"542","tanu",,4u,タヌ,Tanu,
"543","tanula",,1-2,タヌル,tanul,
"544","tanūja",,1-2,タヌジ,Tanuj,
"545","tapa",,1-2,タパ,Tapa,
"546","tapana",,1-2,タパン,Tapan,
"548","tapta",,1-2,熱い,Hot,
"547","tapu",,4u,タプ,Tapu,
"550","taras",,3con,タール,Tars,
"554","tarpaṇa",,1-2,ターパン,Tarpan,
"551","taru",,4u,木,Tree,
"553","tarutṛ",,3r,タルトル,Tarutru,
"552","taruṇa",,1-2,若い,Young,
"540","tata",,1-2,それで,Then,
"541","tathāgata",,1-2,タタガタ,Tathagata,
"557","tavas",,3con,タバス,Tavas,
"558","taviṣa",,1-2,タビッシュ,Tavish,
"559","taviṣīyu",,4u,たびしゆ,Tavishiyu,
"560","tavya",,1-2,タヴィア,Tavya,
"586","tejasvin",,3n,テジャスビン,Tejasvin,
"570","tigma",,1-2,ティグム,Tigm,
"569","tikta",,1-2,苦い,bitter,
"587","toyaja",,1-2,トイズ,Toyz,
"588","trāṇa",,1-2,救い,Salvation,
"596","tsārin",,3n,ツァリン,Tsarin,
"574","tuccha",,1-2,小さな,tiny,
"575","tucchya",,1-2,取るに足らない,insignificant,
"579","tulya",,1-2,同等,Equivalent,
"576","tumula",,1-2,タムル,Tumul,
"577","tura",,1-2,Tur,Tur,
"578","turīya",,1-2,トゥリヤ,Turiya,
"580","tuvidyumna",,1-2,Tuvidyumn,Tuvidyumn,
"573","tuṅga",,1-2,桐,Tung,
"589","tva",,1-2,テレビ,Tv,
"590","tvarita",,1-2,促す,prompt,
"591","tveṣa",,1-2,Tvesh,Tvesh,
"592","tveṣadyumna",,1-2,Tveshadyumna,Tveshadyumna,
"593","tveṣanṛmṇa",,1-2,Tveshanrimn,Tveshanrimn,
"594","tveṣaratha",,1-2,Tvesharatha,Tvesharatha,
"595","tveṣya",,1-2,Tveshya,Tveshya,
"566","tāla",,1-2,ロック,lock,
"567","tālavya",,1-2,パラタル,Palatal,
"568","tālin",,3n,タリン,Tallinn,
"561","tāmasa",,1-2,タマス,Tamas,
"562","tāmramukha",,1-2,Tamramukh,Tamramukh,
"563","tāra",,1-2,ワイヤー,Wire,
"564","tāraka",,1-2,タラック,Tarak,
"565","tārkika",,1-2,論理的,Logical,
"571","tīkṣṇa",,1-2,シャープ,Sharp,
"572","tīvra",,1-2,シャープ,sharp,
"581","tūya",,1-2,トゥイ,Tuy,
"584","tṛpta",,1-2,満足し,Satisfied,
"585","tṛptida",,1-2,満足,satisfying,
"583","tṛtīya",,1-2,三番,Third,
"582","tṛḍha",,1-2,Tridh,Tridh,
"301","ubhau",,double,両方,both,
"300","ubhaya",,1-2,両方,Both,
"270","ucca",,1-2,高い,High,
"272","ucchinna",,1-2,切断されました,Disconnected,
"271","uccāra",,1-2,発音,Pronunciation,
"269","ucita",,1-2,ちゃんとした,proper,
"279","udanya",,1-2,ウダーニャ,Udanya,
"280","udayin",,3n,ウダイン,Udayin,
"287","uddyota",,1-2,Uddyot,Uddyot,
"286","udghāṭitāṅga",,1-2,開いた手足,Open limbs,
"285","udgūrṇa",,1-2,叫んだ,exclaimed,
"288","udvartana",,1-2,出現,Emergence,
"289","udvigna",,1-2,気になる,Anxious,
"282","udāra",,1-2,優しい,Generous,
"283","udāsa",,1-2,うつ病,Depressed,
"284","udāsin",,1-2,無関心,indifferent,
"281","udātta",,1-2,荘厳な,sublime,
"268","ugra",,1-2,暴力的,violent,
"273","ujjvala",,1-2,明るい,Bright,
"267","ukta",,1-2,言った,said,
"303","ullāpana",,1-2,興奮,Excitement,
"291","unmatta",,1-2,非常識,insane,
"290","unnata",,1-2,上げた,raised,
"296","upalabdha",,1-2,利用可能,Available,
"293","upama",,1-2,類推,Analogy,
"298","upasthasad",,3con,Upasthasad,Upasthasad,
"292","upatāpin",,3n,ウパタピン,Upatapin,
"297","upavāsa",,1-2,断食,Fasting,
"295","upayogin",,3n,使える,Useful,
"294","upayoginī",,3i,使える,Useful,
"299","upānta",,1-2,付録,Appendix,
"302","uru",,4u,うる,Uru,
"274","uttama",,1-2,優秀な,Excellent,
"275","uttara",,1-2,北,north,
"276","uttarādhara",,1-2,ウッタラダール,Uttaradhar,
"278","utthāna",,1-2,高揚,Upliftment,
"277","uttāna",,1-2,ウッタン,Uttan,
"304","uśij",,3s,ウシジ,Ushij,
"306","uṣṇa",,1-2,暖かい,Warm,
"305","uṣṭa",,1-2,Usht,Usht,
"1163","vacana",,1-2,語,Word,
"1167","vadhri",,3i,Vadhri,Vadhri,
"1160","vagnu",,4u,ヴァグヌ,Vagnu,
"1190","vahya",,1-2,ポータブル,Portable,
"1265","vaidarbha",,1-2,Vaidarbha,Vaidarbha,
"1267","vaideha",,1-2,ヴァイデヒ,Vaidehi,
"1266","vaidika",,1-2,ヴェーダ,Vedic,
"1268","vaidyutaka",,1-2,電気,Electrical,
"1262","vaijñānika",,1-2,科学的,Scientific,
"1261","vaikalpika",,1-2,別,alternative,
"1270","vairocana",,1-2,ヴァイロちゃん,Vairochan,
"1263","vaitathya",,1-2,Vaitathya,Vaitathya,
"1264","vaitāna",,1-2,ヴァイタン,Vaitan,
"1271","vaivāhika",,1-2,夫婦,Marital,
"1269","vaiyākaraṇa",,1-2,文法,Grammar,
"1273","vaiśvānara",,1-2,Vaishvanar,Vaishvanar,
"1272","vaiśya",,1-2,ヴァイシャ,Vaishya,
"1274","vaiṣṇava",,1-2,ヴァイシュナヴァ,Vaishnava,
"1164","vajra",,1-2,ヴァジュラ,Vajra,
"1165","vajrahasta",,1-2,ヴァジュラハスタ,Vajrahasta,
"1159","vakra",,1-2,縮れた,curly,
"1180","valgu",,4u,ヴァルグ,Valgu,
"1172","vapus",,3con,Vapus,Vapus,
"1168","vapuṣa",,1-2,体,Body,
"1171","vapuṣya",,1-2,Vapushya,Vapushya,
"1169","vapuṣṭama",,1-2,Vapustam,Vapustam,
"1170","vapuṣṭara",,1-2,Vapuster,Vapuster,
"1173","vara",,1-2,フィアンセ,fiance,
"1176","varcodhā",,1-2,バルチョダ,Varchodha,
"1175","varcodā",,1-2,バルコダ,Varchoda,
"1178","vardhana",,1-2,強化,Enhancement,
"1174","variṣṭha",,1-2,長老,elder,
"1177","vartamāna",,1-2,現在,Present,
"1179","varṣa",,1-2,年,year,
"1185","vasati",,3i,住む,lives in,
"1186","vasiṣṭha",,1-2,ヴァシシュタ,Vasishta,
"1188","vasnya",,1-2,Vasnya,Vasnya,
"1187","vasu",,4u,ヴァス,Vasu,
"1189","vasyas",,3con,Vasyas,Vasyas,
"1181","vaśa",,1-2,Vash,Vash,
"1182","vaśaṃvada",,1-2,Vashanvad,Vashanvad,
"1183","vaśya",,1-2,Vashya,Vashya,
"1166","vaḍra",,1-2,Vadr,Vadr,
"1161","vaṅku",,4u,ヴァンク,Vanku,
"1162","vaṅkya",,1-2,ヴァンキャ,Vankya,
"1184","vaṣṭi",,3i,ヴァシュティ,Vashti,
"1259","vedana",,1-2,痛み,Pain,
"1260","vedavid",,3s,ヴェーダ学者,Vedic scholar,
"1223","vibhava",,1-2,潜在的な,potential,
"1224","vibhīṣaṇa",,1-2,Vibhishana,Vibhishana,
"1225","vibhūti",,3i,灰,ash,
"1208","vicchinna",,1-2,切断されました,Disconnected,
"1207","vicitra",,1-2,奇妙な,queer,
"1215","vidhāna",,1-2,立法,Legislation,
"1213","vidvas",,3con,Vidvas,Vidvas,
"1214","vidvān",,3n,学者,The scholar,
"1212","vidyut",,3con,電気,Electricity,
"1211","vidyācaṇa",,1-2,ヴィディアちゃん,Vidyachan,
"1210","vidūṣaka",,1-2,ピエロ,clown,
"1205","vikaṭa",,1-2,廃止,obsolete,
"1206","vikṛta",,1-2,歪,distorted,
"1231","vilakṣaṇa",,1-2,並外れた,extraordinary,
"1226","vimāna",,1-2,航空機,Aircraft,
"1216","vināyaka",,1-2,ビナヤック,Vinayak,
"1217","vinīta",,1-2,Vineet,Vineet,
"1218","vipakṣa",,1-2,反対,Opposition,
"1219","viparivartana",,1-2,逆転,Reversal,
"1220","viparīta",,1-2,逆行する,reverse,
"1222","viphala",,1-2,失敗した,Failed,
"1221","vipula",,1-2,多くの,a lot,
"1230","virodhin",,3n,対戦相手,The opponents,
"1228","virāj",,3s,Viraj,Viraj,
"1229","virāṭa",,1-2,Virat,Virat,
"1209","vitta",,1-2,ファイナンス,finance,
"1232","vivādāspada",,1-2,物議を醸す,controversial,
"1227","viyuta",,1-2,電気,Electricity,
"1234","viśeṣa",,1-2,特別な,Special,
"1235","viśeṣajña",,1-2,専門家,Experts,
"1236","viśeṣaṇa",,1-2,注射剤,Adjectives,
"1237","viśva",,1-2,世界,World,
"1238","viśvaścandra",,1-2,Visvachandra,Visvachandra,
"1233","viśāla",,1-2,巨大,Huge,
"1239","viṣa",,1-2,毒,poison,
"1240","viṣṭa",,1-2,ビスト,Vist,
"1241","viṣṭhita",,1-2,著名,Distinguished,
"1279","vrāṇa",,1-2,ヴラン,Vran,
"1276","vyadhikaraṇa",,1-2,承認,Authorization,
"1277","vyartha",,1-2,冗長,redundant,
"1275","vyañjana",,1-2,コンソナント,Consonants,
"1278","vyṛddha",,1-2,年,old,
"1192","vācaka",,1-2,記述的,Descriptive,
"1195","vāda",,1-2,議論,Debate,
"1196","vādya",,1-2,楽器,instruments,
"1203","vāha",,1-2,わお,Wow,
"1204","vāhana",,1-2,車両,Vehicles,
"1198","vāma",,1-2,左,Left,
"1199","vāmana",,1-2,バマナ,Vamana,
"1197","vānara",,1-2,サル,Monkeys,
"1201","vārita",,1-2,防止,Prevented,
"1202","vārṣika",,1-2,通年,annual,
"1193","vāta",,1-2,風,Wind,
"1194","vātāyana",,1-2,換気,Ventilation,
"1200","vāyu",,1-2,空気,air,
"1191","vāṅmaya",,1-2,文学,Literary,
"1242","vī",,3i,V.S,V.S,
"1249","vīl̤u",,4u,Veelu,Veelu,
"1248","vīra",,1-2,Veer,Veer,
"1244","vītabhī",,3i,Veetbhi,Veetbhi,
"1245","vītabhīti",,3i,大胆不敵,Fearlessness,
"1246","vītamanyu",,4u,Veetmanyu,Veetmanyu,
"1247","vītirādhas",,3con,Vitiradhas,Vitiradhas,
"1243","vīḍu",,4u,Veedu,Veedu,
"1254","vṛddha",,1-2,増加,increased,
"1250","vṛta",,1-2,サークル,Circle,
"1253","vṛtrahan",,3n,Vritrahan,Vritrahan,
"1251","vṛtta",,1-2,円形,round,
"1252","vṛtya",,1-2,サークル,Circle,
"1256","vṛṣabha",,1-2,ブル,bull,
"1255","vṛṣan",,3n,ブル,bull,
"1258","vṛṣṇi",,3i,Vrishni,Vrishni,
"1257","vṛṣṭa",,1-2,雨,Rain,
"1057","yahu",,4u,ヤフ,Yahu,
"1058","yahva",,1-2,ヤーウェ,Yahweh,
"1059","yahvat",,3con,Yahvat,Yahvat,
"1052","yaj",,3s,ヤジ,Yaj,
"1051","yajamāna",,1-2,ザ・ホスト,The host,
"1050","yajata",,1-2,ヤジャット,Yajat,
"1053","yajyu",,4u,やじゅ,Yajyu,
"1056","yama",,1-2,やま,Yama,
"1055","yantṛ",,3r,ヤントリ,Yantri,
"1054","yata",,1-2,なぜなら,Because,
"1075","yauna",,1-2,性的,Sexual,
"1074","yodhya",,1-2,戦士,Warrior,
"1073","yogya",,1-2,対象,eligible,
"1071","yuddha",,1-2,戦争,War,
"1068","yugma",,1-2,カップル,couple,
"1069","yugman",,3n,ユグマン,Yugman,
"1067","yukta",,1-2,賢明な,sensible,
"1070","yuta",,1-2,ユット,Yut,
"1072","yuvan",,3n,若い,Young,
"1064","yādava",,1-2,ヤダブ,Yadav,
"1066","yādṛś",,3s,そのような,such as,
"1065","yādṛśa",,1-2,そのような,such as,
"1060","yāta",,1-2,ヤット,Yat,
"1061","yātayāma",,1-2,ヤタヤム,Yatayam,
"1062","yātayāman",,3n,やたやまん,Yatayaman,
"1063","yātuvid",,3s,Yatuvid,Yatuvid,
"218","āda",,1-2,等,etc,
"222","ādhunika",,1-2,モダン,modern,
"220","ādima",,1-2,原生的,Primitive,
"219","āditya",,1-2,太陽,The sun,
"221","ādya",,1-2,最初,The first,
"209","āgneya",,1-2,アグニュー,Agnew,
"208","āgāmin",,3n,今後の予定,Forthcoming,
"251","āharaṇa",,1-2,撤退,Withdrawal,
"250","āhata",,1-2,傷つく,Hurt,
"252","āhāra",,1-2,ダイエット,diet,
"211","āja",,1-2,今日,Today,
"213","ājñākārin",,3n,従順,Obedient,
"212","ājāneya",,1-2,知らない,I don't know,
"206","ākāśeśa",,1-2,Aakash,Aakash,
"207","ākṛta",,1-2,形,Figure,
"237","ālasa",,1-2,怠惰,Idleness,
"238","ālasya",,1-2,怠惰,Idleness,
"236","ālaṃkārika",,1-2,比喩的,figurative,
"240","ālocanā",,1-2,批判,criticism,
"239","ālākta",,1-2,Alact,Alact,
"224","āma",,1-2,一般,Common,
"225","āmreḍita",,1-2,Amredit,Amredit,
"223","āptya",,1-2,Aptya,Aptya,
"232","ārdra",,1-2,湿った,damp,
"229","ārogya",,1-2,衛生,hygiene,
"230","ārtava",,1-2,Artav,Artav,
"231","ārthika",,1-2,経済的,economic,
"233","ārya",,1-2,Arya,Arya,
"234","āryamaṇa",,1-2,アルヤマン,Aryaman,
"228","ārūpya",,1-2,まとまりのない,Amorphous,
"235","ārṣa",,1-2,アーシュ,Arsh,
"247","āsakta",,1-2,添付,Attached,
"249","āsneya",,1-2,Asney,Asney,
"248","āstika",,1-2,信者,The believer,
"217","ātharvaṇa",,1-2,Atharva,Atharva,
"216","ātithya",,1-2,おもてなし,Hospitality,
"242","āvasathya",,1-2,宿泊施設,Accommodation,
"241","āvaśyaka",,1-2,必要とする,require,
"244","āviṣṭa",,1-2,圧倒する,overwhelmed,
"243","āvāsika",,1-2,居住の,Residential,
"245","āvṛta",,1-2,覆われている,covered,
"227","āyu",,4u,年,Age,
"226","āyāta",,1-2,輸入,import,
"214","āñchita",,1-2,望ましい,desired,
"246","āśu",,4u,アシュ,Ashu,
"215","āḍhya",,1-2,リッチ,rich,
"210","āṅgla",,1-2,英語,English,
"259","īkṣa",,1-2,Eeks,Eeks,
"261","īrṣita",,1-2,嫉妬,Jealous,
"262","īrṣu",,4u,嫉妬,Jealousy,
"263","īrṣyu",,4u,嫉妬,Jealousy,
"264","īśa",,1-2,Hは,Ish,
"265","īśāna",,1-2,北東,Northeast,
"260","īḍya",,1-2,エディア,Edya,
"266","īṣat",,3con,少し,Slightly,
"1329","śaiva",,1-2,シヴァ,Shiva,
"1330","śaiśava",,1-2,幼児期,Infancy,
"1282","śakra",,1-2,インドラ,Indra,
"1286","śama",,1-2,シャム,Sham,
"1287","śamba",,1-2,シャンバ,Shamba,
"1288","śambhu",,4u,シャンブー,Shambhu,
"1285","śantanu",,4u,シャンタヌ,Shantanu,
"1289","śaraṇa",,1-2,避難,Refuge,
"1291","śarkara",,1-2,砂糖,Sugar,
"1292","śarman",,1-2,シャルマン,Sharman,
"1293","śarvara",,1-2,シャーバー,Sharver,
"1290","śarāru",,4u,シャラル,Shararu,
"1295","śasta",,1-2,安いです,Cheap,
"1284","śatrughna",,1-2,Shatrughna,Shatrughna,
"1283","śatābda",,1-2,世紀,century,
"1280","śaṃkara",,1-2,シャンカー,Shankar,
"1281","śaṃtanu",,4u,シャンタヌ,Shantanu,
"1294","śaṣpiñjara",,1-2,Shashpinjar,Shashpinjar,
"1335","ścandra",,1-2,ムーン,The moon,
"1328","śeva",,1-2,剃る,Shave,
"1306","śikyākṛta",,1-2,不平を言った,complained of,
"1308","śithila",,1-2,ゆるい,Loose,
"1307","śithira",,1-2,Shithir,Shithir,
"1309","śiva",,1-2,シヴァ,Shiva,
"1310","śiśira",,1-2,冬,Winter,
"1312","śiśnadeva",,1-2,Shishnadeva,Shishnadeva,
"1311","śiśu",,4u,幼児,toddler,
"1313","śiṣṭa",,1-2,丁寧,polite,
"1345","ślakṣṇa",,1-2,スリム,slim,
"1334","śobhita",,1-2,美しい,Beautiful,
"1333","śodhaka",,1-2,研究者,Researcher,
"1331","śoka",,1-2,喪,mourning,
"1332","śokākula",,1-2,哀愁,mournful,
"1338","śramaṇa",,1-2,スラマナ,Sramana,
"1339","śravaṇa",,1-2,聴覚,Hearing,
"1343","śreyas",,1-2,シュレヤス,Shreyas,
"1344","śreṣṭha",,1-2,最高の,The best,
"1342","śruta",,1-2,聞いた,heard,
"1340","śrāvaṇa",,1-2,シュラヴァン,Shravan,
"1341","śrī",,3i,富,wealth,
"1320","śubhra",,1-2,白,White,
"1318","śuc",,3s,輝き,glow,
"1316","śuca",,1-2,シュッホ,Shuch,
"1317","śuci",,3i,掃除,Clean,
"1319","śuddha",,1-2,ピュア,Pure,
"1315","śukra",,1-2,金星,Venus,
"1321","śuṣka",,1-2,ドライ,Dry,
"1346","śvasana",,1-2,呼吸,Respiration,
"1347","śvasita",,1-2,呼吸,breathing,
"1351","śveta",,1-2,白,White,
"1350","śvitra",,1-2,聖なる,Holy,
"1348","śvāna",,1-2,犬,The dog,
"1349","śvānta",,1-2,静かな,Quiet,
"1336","śyāma",,1-2,シャム,Shyam,
"1337","śyāva",,1-2,Shyav,Shyav,
"1300","śābdika",,1-2,文字通り,Literally,
"1297","śākta",,1-2,シャクタ,Shakta,
"1304","śāla",,1-2,ショール,Shawl,
"1301","śāma",,1-2,夜,Evening,
"1298","śānta",,1-2,静かな,Quiet,
"1299","śāntanu",,4u,シャンタヌ,Shantanu,
"1302","śārada",,1-2,秋,Autumn,
"1303","śārīrika",,1-2,物理的,physical,
"1305","śāva",,1-2,ショー,Shaw,
"1296","śāṃtanu",,4u,シャンタヌ,Shantanu,
"1314","śīghra",,1-2,素早く,Quickly,
"1322","śūnya",,1-2,ゼロ,zero,
"1323","śūra",,1-2,シュール,Shur,
"1324","śūrpakarṇa",,1-2,シュルパカルナ,Shurpakarna,
"1325","śūśujāna",,1-2,修州ジャン,Shushujan,
"1327","śṛddha",,1-2,シュリダ,Shriddha,
"1326","śṛṅgin",,1-2,ホーンギン,horngin,
"308","ūna",,1-2,少ない,fewer,
"309","ūrdhva",,1-2,上向き,upwards,
"310","ūrdhvaliṅga",,1-2,上肢,Upper Limb,
"307","ūḍha",,1-2,盗まれた,stolen,
"537","ḍīna",,1-2,ディーン,Dean,
"322","ṛbhu",,4u,リブー,Ribhu,
"321","ṛddha",,1-2,リッダ,Riddha,
"312","ṛjipya",,1-2,リジピア,Rijipya,
"314","ṛjra",,1-2,Rijra,Rijra,
"313","ṛju",,4u,真っ直ぐ,Straight,
"311","ṛkṣa",,1-2,クマ,Bear,
"319","ṛta",,1-2,儀式,Rit,
"320","ṛtāvan",,1-2,リタバン,Ritavan,
"315","ṛṇa",,1-2,借金,debt,
"317","ṛṇin",,3n,債務者,Debtor,
"316","ṛṇinī",,3i,債務者,Debtor,
"318","ṛṇī",,3i,債務者,Debtor,
"323","ṛṣitva",,1-2,Rishitva,Rishitva,
"324","ṛṣva",,1-2,リシュバ,Rishva,
"1352","ṣaṣṭha",,1-2,6番目,Sixth,
"1353","ṣāṇmāsika",,1-2,6か月ごと,Six-monthly,